order_id,order_date,customer_id,product_category,quantity,unit_price,region
1,2024-01-01 00:00:00,1017.0,Electronics,3,44.68,West
2,2024-01-01 01:00:00,1154.0,Electronics,2,20.69,East
3,2024-01-01 02:00:00,1130.0,Apparel,4,41.6,West
4,2024-01-01 03:00:00,1087.0,Apparel,5,26.26,South
5,2024-01-01 04:00:00,1086.0,Apparel,2,39.45,West
6,2024-01-01 05:00:00,1171.0,Books,6,-6.2,East
7,2024-01-01 06:00:00,1017.0,Home Goods,5,22.44,North
8,2024-01-01 07:00:00,1139.0,Books,2,74.28,North
9,2024-01-01 08:00:00,1040.0,Apparel,7,61.61,East
10,2024-01-01 09:00:00,1018.0,electronics,1,71.38,North
11,2024-01-01 10:00:00,1105.0,Books,5,72.75,West
12,2024-01-01 11:00:00,1195.0,Electronics,4,58.46,East
13,2024-01-01 12:00:00,1147.0,Home Goods,5,35.94,South
14,2024-01-01 13:00:00,1152.0,Books,6,24.25,South
15,2024-01-01 14:00:00,1143.0,Apparel,5,67.93,
16,2024-01-01 15:00:00,1157.0,Books,5,46.29,West
17,2024-01-01 16:00:00,1102.0,Electronics,6,94.88,West
18,2024-01-01 17:00:00,1025.0,Home Goods,5,37.7,West
19,2024-01-01 18:00:00,1167.0,Apparel,6,84.46,East
20,2024-01-01 19:00:00,1090.0,Apparel,3,41.86,West
21,2024-01-01 20:00:00,1100.0,Books,2,71.72,East
22,2024-01-01 21:00:00,1074.0,Home Goods,2,78.93,East
23,2024-01-01 22:00:00,1036.0,Apparel,5,24.54,South
24,2024-01-01 23:00:00,1185.0,Home Goods,4,35.3,South
25,2024-01-02 00:00:00,1156.0,Books,1,24.34,West
26,2024-01-02 01:00:00,1128.0,Electronics,2,20.4,South
27,2024-01-02 02:00:00,1080.0,electronics,7,58.34,West
28,2024-01-02 03:00:00,1164.0,Electronics,6,41.07,West
29,2024-01-02 04:00:00,1109.0,Apparel,6,46.05,South
30,2024-01-02 05:00:00,1088.0,electronics,2,56.12,North
31,2024-01-02 06:00:00,1090.0,electronics,1,7.85,East
32,2024-01-02 07:00:00,1045.0,Books,3,70.74,North
33,2024-01-02 08:00:00,1018.0,electronics,6,38.02,West
34,2024-01-02 09:00:00,1110.0,Electronics,4,55.65,East
35,2024-01-02 10:00:00,1177.0,Electronics,6,57.41,East
36,2024-01-02 11:00:00,1012.0,electronics,4,72.42,East
37,2024-01-02 12:00:00,1171.0,Books,4,42.9,East
38,2024-01-02 13:00:00,1165.0,Home Goods,5,2.53,South
39,2024-01-02 14:00:00,1055.0,Books,7,46.14,South
40,2024-01-02 15:00:00,1126.0,electronics,4,49.01,South
41,2024-01-02 16:00:00,1033.0,electronics,5,24.31,West
42,2024-01-02 17:00:00,1151.0,Electronics,7,47.95,North
43,2024-01-02 18:00:00,1140.0,electronics,3,37.78,South
44,2024-01-02 19:00:00,1070.0,Home Goods,6,18.14,North
45,2024-01-02 20:00:00,1013.0,Books,4,58.43,South
46,2024-01-02 21:00:00,1194.0,electronics,7,33.73,North
47,2024-01-02 22:00:00,1089.0,Apparel,4,36.87,West
48,2024-01-02 23:00:00,1178.0,Apparel,5,35.75,North
49,2024-01-03 00:00:00,1135.0,electronics,3,69.71,East
50,2024-01-03 01:00:00,1155.0,Books,5,44.18,South
51,2024-01-03 02:00:00,1151.0,Home Goods,3,46.58,South
52,2024-01-03 03:00:00,1038.0,Electronics,5,36.19,North
53,2024-01-03 04:00:00,1072.0,Books,6,54.26,West
54,2024-01-03 05:00:00,1093.0,Books,4,71.99,West
55,2024-01-03 06:00:00,1099.0,Electronics,4,57.96,North
56,2024-01-03 07:00:00,1008.0,Books,3,58.74,West
57,2024-01-03 08:00:00,1109.0,Books,6,57.12,South
58,2024-01-03 09:00:00,1030.0,Books,5,17.4,East
59,2024-01-03 10:00:00,1148.0,electronics,4,27.48,East
60,2024-01-03 11:00:00,1136.0,Apparel,1,40.9,North
61,2024-01-03 12:00:00,1184.0,Home Goods,1,30.48,South
62,2024-01-03 13:00:00,1148.0,Apparel,1,23.71,North
63,2024-01-03 14:00:00,1073.0,Apparel,6,7.56,East
64,2024-01-03 15:00:00,,Apparel,6,18.07,South
65,2024-01-03 16:00:00,1082.0,Home Goods,1,39.87,West
66,2024-01-03 17:00:00,1065.0,Apparel,1,43.61,South
67,2024-01-03 18:00:00,1181.0,Home Goods,6,29.14,West
68,2024-01-03 19:00:00,1074.0,Electronics,4,46.58,North
69,2024-01-03 20:00:00,1015.0,Electronics,3,36.32,East
70,2024-01-03 21:00:00,1093.0,Books,5,66.81,South
71,2024-01-03 22:00:00,1159.0,Books,2,41.77,North
72,2024-01-03 23:00:00,1037.0,Home Goods,2,58.93,North
73,2024-01-04 00:00:00,1092.0,Electronics,3,49.06,East
74,2024-01-04 01:00:00,1025.0,Apparel,7,16.96,North
75,2024-01-04 02:00:00,1137.0,Electronics,6,43.19,East
76,2024-01-04 03:00:00,1095.0,electronics,2,20.29,
77,2024-01-04 04:00:00,1066.0,electronics,4,42.84,South
78,2024-01-04 05:00:00,1045.0,Electronics,7,30.1,North
79,2024-01-04 06:00:00,1112.0,Books,7,52.64,North
80,2024-01-04 07:00:00,1133.0,Home Goods,6,18.15,North
81,2024-01-04 08:00:00,1188.0,electronics,1,45.29,South
82,2024-01-04 09:00:00,1087.0,Home Goods,2,56.45,West
83,2024-01-04 10:00:00,1032.0,Electronics,2,63.15,South
84,2024-01-04 11:00:00,1166.0,Home Goods,2,29.72,North
85,2024-01-04 12:00:00,1125.0,Home Goods,2,45.36,East
86,2024-01-04 13:00:00,1140.0,electronics,3,48.68,South
87,2024-01-04 14:00:00,1019.0,Books,4,75.94,East
88,2024-01-04 15:00:00,1062.0,electronics,3,15.37,West
89,2024-01-04 16:00:00,1153.0,Electronics,3,26.78,South
90,2024-01-04 17:00:00,1166.0,Home Goods,2,101.09,East
91,2024-01-04 18:00:00,1087.0,Books,2,39.54,West
92,2024-01-04 19:00:00,1160.0,electronics,7,7.18,East
93,2024-01-04 20:00:00,1168.0,Electronics,5,33.35,West
94,2024-01-04 21:00:00,1077.0,Books,2,-10.38,West
95,2024-01-04 22:00:00,1179.0,Home Goods,6,49.82,East
96,2024-01-04 23:00:00,1057.0,Electronics,6,61.2,East
97,2024-01-05 00:00:00,1047.0,Apparel,7,26.77,East
98,2024-01-05 01:00:00,1136.0,electronics,2,35.59,East
99,2024-01-05 02:00:00,1127.0,Books,5,63.47,East
100,2024-01-05 03:00:00,1027.0,electronics,7,10.0,South
101,2024-01-05 04:00:00,1166.0,Home Goods,6,18.57,West
102,2024-01-05 05:00:00,1039.0,Home Goods,2,40.44,North
103,2024-01-05 06:00:00,1160.0,electronics,7,29.95,North
104,2024-01-05 07:00:00,1001.0,Home Goods,3,39.12,South
105,2024-01-05 08:00:00,1159.0,Electronics,4,19.72,South
106,2024-01-05 09:00:00,1157.0,Apparel,4,49.29,East
107,2024-01-05 10:00:00,1156.0,Apparel,6,42.02,North
108,2024-01-05 11:00:00,1132.0,Books,1,55.98,East
109,2024-01-05 12:00:00,1094.0,electronics,4,49.01,East
110,2024-01-05 13:00:00,1141.0,electronics,6,49.13,North
111,2024-01-05 14:00:00,1055.0,Home Goods,4,16.07,South
112,2024-01-05 15:00:00,1156.0,Apparel,2,54.85,East
113,2024-01-05 16:00:00,1111.0,Books,1,38.38,West
114,2024-01-05 17:00:00,1091.0,Electronics,4,41.67,South
115,2024-01-05 18:00:00,1101.0,electronics,5,65.97,North
116,2024-01-05 19:00:00,1113.0,electronics,4,30.61,South
117,2024-01-05 20:00:00,1007.0,electronics,7,72.02,North
118,2024-01-05 21:00:00,1027.0,Home Goods,5,73.89,North
119,2024-01-05 22:00:00,1049.0,Books,4,60.06,
120,2024-01-05 23:00:00,1022.0,Electronics,1,25.39,North
121,2024-01-06 00:00:00,1087.0,Books,4,1.27,North
122,2024-01-06 01:00:00,1133.0,Apparel,2,66.58,West
123,2024-01-06 02:00:00,1130.0,Apparel,6,47.23,East
124,2024-01-06 03:00:00,1094.0,Apparel,2,30.1,South
125,2024-01-06 04:00:00,1171.0,Electronics,7,68.47,East
126,2024-01-06 05:00:00,1113.0,Apparel,3,27.77,West
127,2024-01-06 06:00:00,1015.0,electronics,4,36.52,North
128,2024-01-06 07:00:00,1152.0,Home Goods,2,55.5,South
129,2024-01-06 08:00:00,1114.0,Apparel,2,22.73,West
130,2024-01-06 09:00:00,1126.0,Apparel,7,42.81,West
131,2024-01-06 10:00:00,1113.0,electronics,2,66.78,
132,2024-01-06 11:00:00,1110.0,electronics,4,49.22,South
133,2024-01-06 12:00:00,1018.0,Home Goods,7,69.95,West
134,2024-01-06 13:00:00,1111.0,Electronics,5,67.67,South
135,2024-01-06 14:00:00,1158.0,Apparel,1,45.15,East
136,2024-01-06 15:00:00,1060.0,Electronics,3,-1.73,West
137,2024-01-06 16:00:00,1120.0,Home Goods,3,22.88,North
138,2024-01-06 17:00:00,1006.0,Apparel,2,60.27,North
139,2024-01-06 18:00:00,1069.0,Electronics,2,13.99,East
140,2024-01-06 19:00:00,1087.0,Books,4,38.47,West
141,2024-01-06 20:00:00,1196.0,electronics,3,51.77,North
142,2024-01-06 21:00:00,1042.0,Electronics,3,74.39,West
143,2024-01-06 22:00:00,1055.0,Apparel,3,33.5,South
144,2024-01-06 23:00:00,1081.0,Home Goods,3,32.13,South
145,2024-01-07 00:00:00,1198.0,Apparel,2,43.95,South
146,2024-01-07 01:00:00,1170.0,Apparel,4,52.02,West
147,2024-01-07 02:00:00,1006.0,Home Goods,7,41.92,North
148,2024-01-07 03:00:00,1046.0,Books,4,65.99,East
149,2024-01-07 04:00:00,1164.0,electronics,5,29.02,North
150,2024-01-07 05:00:00,1011.0,Home Goods,7,47.4,West
151,2024-01-07 06:00:00,1171.0,Electronics,5,53.9,West
152,2024-01-07 07:00:00,1056.0,Apparel,2,37.0,North
153,2024-01-07 08:00:00,1183.0,electronics,3,61.79,South
154,2024-01-07 09:00:00,1058.0,Apparel,4,47.98,South
155,2024-01-07 10:00:00,,Books,4,60.78,South
156,2024-01-07 11:00:00,1132.0,Books,2,48.88,West
157,2024-01-07 12:00:00,1025.0,Books,-1,52.53,East
158,2024-01-07 13:00:00,1111.0,Electronics,3,32.35,South
159,2024-01-07 14:00:00,1101.0,Electronics,7,32.38,East
160,2024-01-07 15:00:00,1156.0,Books,6,69.49,South
161,2024-01-07 16:00:00,1199.0,electronics,6,57.71,North
162,2024-01-07 17:00:00,1132.0,Electronics,2,24.54,North
163,2024-01-07 18:00:00,1081.0,electronics,3,48.62,South
164,2024-01-07 19:00:00,1081.0,Books,5,-2.48,East
165,2024-01-07 20:00:00,1083.0,electronics,4,33.52,North
166,2024-01-07 21:00:00,1162.0,Electronics,3,64.22,East
167,2024-01-07 22:00:00,1064.0,Apparel,3,42.5,South
168,2024-01-07 23:00:00,1033.0,Electronics,1,47.36,East
169,2024-01-08 00:00:00,1066.0,electronics,7,-15.33,North
170,2024-01-08 01:00:00,1004.0,Electronics,7,37.15,South
171,2024-01-08 02:00:00,1021.0,Apparel,1,51.77,North
172,2024-01-08 03:00:00,,Home Goods,3,54.31,South
173,2024-01-08 04:00:00,1154.0,Books,4,64.25,North
174,2024-01-08 05:00:00,1144.0,electronics,6,40.79,South
175,2024-01-08 06:00:00,1139.0,electronics,7,41.69,West
176,2024-01-08 07:00:00,1092.0,Electronics,3,18.36,North
177,2024-01-08 08:00:00,1143.0,electronics,6,40.91,West
178,2024-01-08 09:00:00,1032.0,Home Goods,7,19.77,East
179,2024-01-08 10:00:00,1180.0,Electronics,6,8.04,East
180,2024-01-08 11:00:00,1100.0,Home Goods,3,23.3,East
181,2024-01-08 12:00:00,1187.0,Books,6,75.17,South
182,2024-01-08 13:00:00,,Apparel,3,39.59,East
183,2024-01-08 14:00:00,1099.0,Apparel,1,49.4,West
184,2024-01-08 15:00:00,1139.0,Books,6,34.73,West
185,2024-01-08 16:00:00,1099.0,Apparel,6,9.19,South
186,2024-01-08 17:00:00,1089.0,Apparel,3,63.72,East
187,2024-01-08 18:00:00,1033.0,Books,4,1.56,North
188,2024-01-08 19:00:00,1076.0,Electronics,3,33.9,East
189,2024-01-08 20:00:00,1047.0,Books,1,43.91,North
190,2024-01-08 21:00:00,1060.0,electronics,7,49.61,North
191,2024-01-08 22:00:00,1136.0,Apparel,1,30.47,East
192,2024-01-08 23:00:00,1126.0,Books,4,8.24,West
193,2024-01-09 00:00:00,1121.0,Home Goods,1,28.98,North
194,2024-01-09 01:00:00,1072.0,Electronics,5,30.02,East
195,2024-01-09 02:00:00,1191.0,electronics,7,29.54,East
196,2024-01-09 03:00:00,1017.0,Home Goods,5,64.4,West
197,2024-01-09 04:00:00,1068.0,Books,5,20.73,East
198,2024-01-09 05:00:00,1023.0,Books,6,51.02,North
199,2024-01-09 06:00:00,1067.0,Home Goods,7,48.17,North
200,2024-01-09 07:00:00,1192.0,Books,7,64.21,East
201,2024-01-09 08:00:00,1073.0,Home Goods,-2,42.34,North
202,2024-01-09 09:00:00,1181.0,Home Goods,4,60.82,West
203,2024-01-09 10:00:00,1099.0,Books,6,41.56,West
204,2024-01-09 11:00:00,1139.0,Apparel,3,53.69,West
205,2024-01-09 12:00:00,1091.0,Home Goods,5,14.94,South
206,2024-01-09 13:00:00,1053.0,Home Goods,1,-7.77,East
207,2024-01-09 14:00:00,1152.0,Apparel,7,52.55,East
208,2024-01-09 15:00:00,1193.0,Apparel,5,53.62,North
209,2024-01-09 16:00:00,1052.0,Home Goods,6,54.51,South
210,2024-01-09 17:00:00,1155.0,Electronics,6,34.5,North
211,2024-01-09 18:00:00,1052.0,Electronics,2,74.79,South
212,2024-01-09 19:00:00,1143.0,Electronics,4,35.8,West
213,2024-01-09 20:00:00,1157.0,Home Goods,7,53.42,West
214,2024-01-09 21:00:00,1089.0,Apparel,2,56.89,South
215,2024-01-09 22:00:00,1147.0,Books,6,79.37,East
216,2024-01-09 23:00:00,1054.0,electronics,3,38.66,North
217,2024-01-10 00:00:00,,Apparel,5,31.94,South
218,2024-01-10 01:00:00,1019.0,Apparel,4,15.04,North
219,2024-01-10 02:00:00,1089.0,Electronics,5,76.05,East
220,2024-01-10 03:00:00,1180.0,electronics,6,53.43,East
221,2024-01-10 04:00:00,1025.0,electronics,3,54.06,West
222,2024-01-10 05:00:00,1091.0,Books,2,107.33,West
223,2024-01-10 06:00:00,1140.0,Books,3,51.5,North
224,2024-01-10 07:00:00,1040.0,Books,5,18.95,West
225,2024-01-10 08:00:00,1144.0,Home Goods,6,41.08,North
226,2024-01-10 09:00:00,1061.0,Home Goods,6,25.5,South
227,2024-01-10 10:00:00,1161.0,electronics,3,37.08,East
228,2024-01-10 11:00:00,1115.0,Apparel,7,36.95,North
229,2024-01-10 12:00:00,1109.0,Electronics,1,33.26,North
230,2024-01-10 13:00:00,1035.0,electronics,1,4999.99,South
231,2024-01-10 14:00:00,1092.0,Electronics,1,76.85,North
232,2024-01-10 15:00:00,1171.0,Home Goods,7,50.98,West
233,2024-01-10 16:00:00,1003.0,electronics,2,40.49,South
234,2024-01-10 17:00:00,1151.0,Electronics,5,60.15,East
235,2024-01-10 18:00:00,1098.0,electronics,6,54.42,
236,2024-01-10 19:00:00,1143.0,Books,6,50.51,East
237,2024-01-10 20:00:00,1132.0,Home Goods,7,58.7,South
238,2024-01-10 21:00:00,1086.0,Books,1,47.68,West
239,2024-01-10 22:00:00,1061.0,Books,3,58.4,North
240,2024-01-10 23:00:00,1125.0,Books,4,60.06,North
241,2024-01-11 00:00:00,1028.0,electronics,5,48.25,East
242,2024-01-11 01:00:00,1116.0,Books,5,40.59,South
243,2024-01-11 02:00:00,1018.0,Books,4,75.61,West
244,2024-01-11 03:00:00,1129.0,Books,3,35.44,North
245,2024-01-11 04:00:00,1125.0,electronics,1,52.83,East
246,2024-01-11 05:00:00,1016.0,electronics,4,53.28,East
247,2024-01-11 06:00:00,1151.0,Home Goods,2,32.81,
248,2024-01-11 07:00:00,1083.0,Books,4,28.84,North
249,2024-01-11 08:00:00,1157.0,Books,6,37.92,South
250,2024-01-11 09:00:00,1008.0,Home Goods,4,35.16,West
251,2024-01-11 10:00:00,1035.0,Electronics,5,15.84,East
252,2024-01-11 11:00:00,1098.0,Home Goods,1,31.97,North
253,2024-01-11 12:00:00,1037.0,Apparel,5,50.32,North
254,2024-01-11 13:00:00,1065.0,Home Goods,4,70.32,West
255,2024-01-11 14:00:00,1132.0,electronics,1,56.09,East
256,2024-01-11 15:00:00,1028.0,electronics,-2,-6.99,East
257,2024-01-11 16:00:00,1135.0,Electronics,6,57.83,West
258,2024-01-11 17:00:00,1020.0,electronics,7,33.84,South
259,2024-01-11 18:00:00,1035.0,Apparel,4,54.06,North
260,2024-01-11 19:00:00,1117.0,electronics,7,44.72,East
261,2024-01-11 20:00:00,1158.0,Books,2,41.15,West
262,2024-01-11 21:00:00,1034.0,Electronics,3,42.96,South
263,2024-01-11 22:00:00,1059.0,Home Goods,7,44.55,East
264,2024-01-11 23:00:00,,Home Goods,2,71.89,North
265,2024-01-12 00:00:00,1197.0,Books,5,44.61,North
266,2024-01-12 01:00:00,1116.0,Books,2,66.71,West
267,2024-01-12 02:00:00,,Home Goods,3,63.8,North
268,2024-01-12 03:00:00,,Apparel,4,58.34,North
269,2024-01-12 04:00:00,1122.0,Apparel,3,9.27,West
270,2024-01-12 05:00:00,1118.0,Home Goods,7,67.33,South
271,2024-01-12 06:00:00,1058.0,Electronics,7,35.84,South
272,2024-01-12 07:00:00,,Home Goods,4,59.31,West
273,2024-01-12 08:00:00,1030.0,electronics,4,25.55,North
274,2024-01-12 09:00:00,1191.0,Home Goods,1,21.3,East
275,2024-01-12 10:00:00,1083.0,Apparel,2,84.53,South
276,2024-01-12 11:00:00,1096.0,electronics,1,25.86,North
277,2024-01-12 12:00:00,1093.0,electronics,6,67.92,East
278,2024-01-12 13:00:00,1156.0,Books,2,47.37,South
279,2024-01-12 14:00:00,1012.0,electronics,3,36.6,West
280,2024-01-12 15:00:00,1016.0,Electronics,6,44.1,West
281,2024-01-12 16:00:00,1055.0,Apparel,5,18.98,West
282,2024-01-12 17:00:00,1097.0,Apparel,5,44.72,South
283,2024-01-12 18:00:00,1134.0,Books,1,23.35,North
284,2024-01-12 19:00:00,1098.0,Apparel,4,37.09,West
285,2024-01-12 20:00:00,,Books,4,63.51,South
286,2024-01-12 21:00:00,1187.0,Home Goods,3,50.08,East
287,2024-01-12 22:00:00,1032.0,electronics,6,15.36,West
288,2024-01-12 23:00:00,1114.0,Books,7,62.03,South
289,2024-01-13 00:00:00,1108.0,electronics,2,44.86,North
290,2024-01-13 01:00:00,1094.0,electronics,3,34.16,East
291,2024-01-13 02:00:00,1161.0,Books,3,59.93,East
292,2024-01-13 03:00:00,,Books,6,41.66,South
293,2024-01-13 04:00:00,1190.0,electronics,1,21.69,East
294,2024-01-13 05:00:00,1066.0,Apparel,7,81.96,West
295,2024-01-13 06:00:00,1109.0,Books,6,44.65,South
296,2024-01-13 07:00:00,1104.0,Apparel,4,43.37,South
297,2024-01-13 08:00:00,1169.0,Electronics,5,36.9,West
298,2024-01-13 09:00:00,1087.0,Apparel,7,68.6,West
299,2024-01-13 10:00:00,1056.0,Electronics,6,34.5,West
300,2024-01-13 11:00:00,1004.0,Books,2,14.1,North
301,2024-01-13 12:00:00,1072.0,Electronics,1,31.43,West
302,2024-01-13 13:00:00,1165.0,Books,5,71.54,West
303,2024-01-13 14:00:00,1001.0,Electronics,2,61.64,East
304,2024-01-13 15:00:00,1179.0,Home Goods,1,39.9,South
305,2024-01-13 16:00:00,1108.0,electronics,7,72.47,North
306,2024-01-13 17:00:00,1028.0,Books,4,59.96,East
307,2024-01-13 18:00:00,1060.0,electronics,5,39.67,South
308,2024-01-13 19:00:00,1110.0,Apparel,2,41.68,South
309,2024-01-13 20:00:00,1063.0,Electronics,1,51.59,West
310,2024-01-13 21:00:00,1021.0,Home Goods,1,28.36,North
311,2024-01-13 22:00:00,1133.0,Books,3,45.09,West
312,2024-01-13 23:00:00,1134.0,Books,1,51.17,East
313,2024-01-14 00:00:00,1023.0,electronics,3,11.26,West
314,2024-01-14 01:00:00,1056.0,electronics,3,41.21,South
315,2024-01-14 02:00:00,1048.0,Home Goods,4,38.94,East
316,2024-01-14 03:00:00,1131.0,Home Goods,5,65.56,East
317,2024-01-14 04:00:00,1146.0,Home Goods,3,8.11,West
318,2024-01-14 05:00:00,1145.0,Electronics,4,37.37,North
319,2024-01-14 06:00:00,1187.0,Apparel,1,35.36,North
320,2024-01-14 07:00:00,1153.0,electronics,3,64.2,West
321,2024-01-14 08:00:00,1064.0,electronics,7,44.13,North
322,2024-01-14 09:00:00,1021.0,Books,7,80.92,East
323,2024-01-14 10:00:00,1122.0,Apparel,4,58.24,North
324,2024-01-14 11:00:00,1183.0,electronics,7,36.8,North
325,2024-01-14 12:00:00,1195.0,Books,4,49.79,East
326,2024-01-14 13:00:00,1046.0,electronics,1,37.92,East
327,2024-01-14 14:00:00,1047.0,Home Goods,7,62.19,East
328,2024-01-14 15:00:00,1007.0,electronics,3,18.36,South
329,2024-01-14 16:00:00,1028.0,Electronics,5,28.53,West
330,2024-01-14 17:00:00,1110.0,Home Goods,5,54.11,
331,2024-01-14 18:00:00,1109.0,Home Goods,3,69.52,South
332,2024-01-14 19:00:00,1074.0,Books,6,0.96,South
333,2024-01-14 20:00:00,1061.0,electronics,4,72.49,South
334,2024-01-14 21:00:00,1165.0,Books,3,42.2,West
335,2024-01-14 22:00:00,1092.0,Apparel,3,7.32,South
336,2024-01-14 23:00:00,1161.0,Electronics,6,-15.03,East
337,2024-01-15 00:00:00,1192.0,Apparel,2,14.41,South
338,2024-01-15 01:00:00,1063.0,Home Goods,1,44.61,East
339,2024-01-15 02:00:00,1040.0,electronics,7,43.68,West
340,2024-01-15 03:00:00,1190.0,Home Goods,3,57.66,East
341,2024-01-15 04:00:00,1126.0,electronics,5,34.01,South
342,2024-01-15 05:00:00,1058.0,Apparel,6,22.84,South
343,2024-01-15 06:00:00,1124.0,Home Goods,6,36.74,East
344,2024-01-15 07:00:00,1103.0,Home Goods,5,45.67,South
345,2024-01-15 08:00:00,,electronics,5,49.62,West
346,2024-01-15 09:00:00,,electronics,6,29.22,South
347,2024-01-15 10:00:00,1198.0,Home Goods,7,63.03,North
348,2024-01-15 11:00:00,1187.0,Home Goods,1,32.57,North
349,2024-01-15 12:00:00,1036.0,electronics,6,27.61,East
350,2024-01-15 13:00:00,1032.0,Home Goods,2,34.15,West
351,2024-01-15 14:00:00,1106.0,electronics,7,66.5,South
352,2024-01-15 15:00:00,1008.0,Home Goods,1,42.34,South
353,2024-01-15 16:00:00,1059.0,Electronics,2,31.11,South
354,2024-01-15 17:00:00,1087.0,Home Goods,2,63.52,
355,2024-01-15 18:00:00,1193.0,Apparel,5,87.85,West
356,2024-01-15 19:00:00,1198.0,Books,1,49.19,North
357,2024-01-15 20:00:00,1030.0,Apparel,1,69.68,East
358,2024-01-15 21:00:00,1178.0,Apparel,4,65.72,West
359,2024-01-15 22:00:00,1018.0,Electronics,7,32.89,West
360,2024-01-15 23:00:00,1149.0,electronics,4,45.53,East
361,2024-01-16 00:00:00,1169.0,Apparel,4,19.35,West
362,2024-01-16 01:00:00,1178.0,Books,5,40.9,East
363,2024-01-16 02:00:00,1044.0,Home Goods,4,32.48,North
364,2024-01-16 03:00:00,1178.0,Books,3,36.94,North
365,2024-01-16 04:00:00,1023.0,electronics,5,30.0,South
366,2024-01-16 05:00:00,1103.0,Electronics,1,39.26,North
367,2024-01-16 06:00:00,1093.0,Electronics,2,55.64,South
368,2024-01-16 07:00:00,1063.0,Home Goods,5,42.61,West
369,2024-01-16 08:00:00,1004.0,Apparel,3,7.71,West
370,2024-01-16 09:00:00,1154.0,electronics,1,30.08,North
371,2024-01-16 10:00:00,1067.0,Apparel,1,14.61,North
372,2024-01-16 11:00:00,1132.0,Apparel,7,49.88,East
373,2024-01-16 12:00:00,1082.0,electronics,3,55.07,East
374,2024-01-16 13:00:00,1074.0,electronics,1,50.13,North
375,2024-01-16 14:00:00,1177.0,Apparel,6,29.25,West
376,2024-01-16 15:00:00,1018.0,Apparel,4,49.94,North
377,2024-01-16 16:00:00,1147.0,Electronics,4,35.6,North
378,2024-01-16 17:00:00,1149.0,electronics,7,22.24,West
379,2024-01-16 18:00:00,1075.0,Home Goods,3,59.84,East
380,2024-01-16 19:00:00,1052.0,Home Goods,5,61.36,South
381,2024-01-16 20:00:00,1001.0,Electronics,6,63.98,East
382,2024-01-16 21:00:00,1187.0,Books,5,32.83,West
383,2024-01-16 22:00:00,1189.0,electronics,2,68.59,North
384,2024-01-16 23:00:00,1048.0,electronics,5,35.13,East
385,2024-01-17 00:00:00,1006.0,Electronics,6,58.07,North
386,2024-01-17 01:00:00,1024.0,Books,1,34.78,South
387,2024-01-17 02:00:00,1013.0,electronics,2,40.52,South
388,2024-01-17 03:00:00,1166.0,Books,5,-3.42,South
389,2024-01-17 04:00:00,1178.0,Home Goods,1,38.96,North
390,2024-01-17 05:00:00,1030.0,Books,7,46.82,West
391,2024-01-17 06:00:00,1149.0,Electronics,1,36.8,South
392,2024-01-17 07:00:00,1035.0,Electronics,7,80.12,West
393,2024-01-17 08:00:00,1073.0,Books,5,21.75,South
394,2024-01-17 09:00:00,1119.0,Books,4,33.73,West
395,2024-01-17 10:00:00,1143.0,Home Goods,2,26.9,East
396,2024-01-17 11:00:00,1174.0,Electronics,3,33.72,South
397,2024-01-17 12:00:00,1008.0,Books,6,65.63,East
398,2024-01-17 13:00:00,1039.0,electronics,6,74.56,West
399,2024-01-17 14:00:00,1056.0,Books,2,30.98,East
400,2024-01-17 15:00:00,1062.0,Books,4,30.54,South
401,2024-01-17 16:00:00,1199.0,Books,7,21.86,East
402,2024-01-17 17:00:00,1155.0,Apparel,2,71.13,East
403,2024-01-17 18:00:00,1064.0,Apparel,5,67.42,South
404,2024-01-17 19:00:00,1194.0,Home Goods,2,42.88,West
405,2024-01-17 20:00:00,,Electronics,6,17.08,South
406,2024-01-17 21:00:00,1100.0,electronics,2,18.87,South
407,2024-01-17 22:00:00,1086.0,Apparel,3,48.41,East
408,2024-01-17 23:00:00,1028.0,Books,4,55.99,
409,2024-01-18 00:00:00,1186.0,Home Goods,3,3.68,South
410,2024-01-18 01:00:00,1002.0,Apparel,2,38.57,North
411,2024-01-18 02:00:00,1034.0,Electronics,5,77.37,North
412,2024-01-18 03:00:00,1045.0,Home Goods,1,40.65,East
413,2024-01-18 04:00:00,1055.0,Home Goods,7,74.79,South
414,2024-01-18 05:00:00,1026.0,Books,1,57.98,South
415,2024-01-18 06:00:00,1003.0,electronics,3,23.31,North
416,2024-01-18 07:00:00,1135.0,electronics,7,39.15,West
417,2024-01-18 08:00:00,1193.0,electronics,2,42.43,South
418,2024-01-18 09:00:00,1024.0,Electronics,1,25.95,East
419,2024-01-18 10:00:00,1059.0,Home Goods,6,25.6,North
420,2024-01-18 11:00:00,1101.0,Apparel,1,75.14,North
421,2024-01-18 12:00:00,1185.0,Books,7,25.45,North
422,2024-01-18 13:00:00,1138.0,Books,4,66.57,South
423,2024-01-18 14:00:00,1153.0,Electronics,7,36.27,South
424,2024-01-18 15:00:00,1116.0,electronics,2,44.49,South
425,2024-01-18 16:00:00,1083.0,electronics,1,56.24,South
426,2024-01-18 17:00:00,1039.0,electronics,7,33.03,North
427,2024-01-18 18:00:00,1172.0,Books,6,56.36,South
428,2024-01-18 19:00:00,1160.0,Electronics,7,4.07,North
429,2024-01-18 20:00:00,1005.0,Electronics,3,53.79,North
430,2024-01-18 21:00:00,1143.0,Books,3,-4.37,North
431,2024-01-18 22:00:00,1016.0,Books,5,40.46,East
432,2024-01-18 23:00:00,1147.0,electronics,4,62.08,West
433,2024-01-19 00:00:00,1165.0,electronics,2,57.45,East
434,2024-01-19 01:00:00,1026.0,Home Goods,3,19.03,North
435,2024-01-19 02:00:00,1086.0,Home Goods,5,21.61,
436,2024-01-19 03:00:00,1024.0,Books,1,31.23,
437,2024-01-19 04:00:00,,Home Goods,3,48.72,South
438,2024-01-19 05:00:00,1185.0,Electronics,3,4.36,North
439,2024-01-19 06:00:00,1016.0,Home Goods,1,44.74,West
440,2024-01-19 07:00:00,1079.0,Home Goods,1,51.23,
441,2024-01-19 08:00:00,1194.0,Home Goods,4,39.34,West
442,2024-01-19 09:00:00,1060.0,Home Goods,1,55.51,East
443,2024-01-19 10:00:00,1026.0,Books,3,49.47,East
444,2024-01-19 11:00:00,1097.0,Books,4,34.17,
445,2024-01-19 12:00:00,1101.0,electronics,7,6.28,North
446,2024-01-19 13:00:00,1132.0,electronics,1,47.67,North
447,2024-01-19 14:00:00,1062.0,Apparel,4,25.94,West
448,2024-01-19 15:00:00,1191.0,Home Goods,1,33.43,North
449,2024-01-19 16:00:00,1104.0,Home Goods,4,54.58,South
450,2024-01-19 17:00:00,1057.0,Electronics,4,73.35,South
451,2024-01-19 18:00:00,1192.0,electronics,6,44.24,South
452,2024-01-19 19:00:00,1184.0,Apparel,4,56.08,North
453,2024-01-19 20:00:00,1099.0,Books,7,16.11,East
454,2024-01-19 21:00:00,1004.0,Apparel,1,49.91,South
455,2024-01-19 22:00:00,1119.0,electronics,1,43.8,East
456,2024-01-19 23:00:00,1111.0,Electronics,1,69.58,South
457,2024-01-20 00:00:00,1029.0,Electronics,3,34.19,West
458,2024-01-20 01:00:00,1126.0,electronics,2,40.17,East
459,2024-01-20 02:00:00,1168.0,Home Goods,1,66.18,
460,2024-01-20 03:00:00,1021.0,Books,2,43.16,South
461,2024-01-20 04:00:00,1144.0,Books,7,22.82,North
462,2024-01-20 05:00:00,1028.0,Electronics,6,96.03,West
463,2024-01-20 06:00:00,1149.0,Apparel,1,23.43,West
464,2024-01-20 07:00:00,1083.0,electronics,7,43.71,North
465,2024-01-20 08:00:00,1001.0,Electronics,2,51.93,East
466,2024-01-20 09:00:00,1193.0,Home Goods,3,50.35,East
467,2024-01-20 10:00:00,1033.0,Electronics,3,41.21,North
468,2024-01-20 11:00:00,1119.0,electronics,3,41.3,East
469,2024-01-20 12:00:00,1036.0,Home Goods,6,40.3,South
470,2024-01-20 13:00:00,1186.0,electronics,5,22.68,North
471,2024-01-20 14:00:00,1147.0,Home Goods,5,88.0,West
472,2024-01-20 15:00:00,1160.0,Home Goods,5,40.6,East
473,2024-01-20 16:00:00,1086.0,Apparel,6,56.94,West
474,2024-01-20 17:00:00,1093.0,Electronics,2,38.31,West
475,2024-01-20 18:00:00,1126.0,Electronics,3,37.9,
476,2024-01-20 19:00:00,1156.0,Home Goods,1,35.89,South
477,2024-01-20 20:00:00,1169.0,electronics,5,14.0,South
478,2024-01-20 21:00:00,,Apparel,4,41.79,South
479,2024-01-20 22:00:00,1132.0,Electronics,5,36.86,East
480,2024-01-20 23:00:00,1021.0,Home Goods,4,68.43,East
481,2024-01-21 00:00:00,1057.0,Books,2,21.07,West
482,2024-01-21 01:00:00,1165.0,Electronics,1,33.46,South
483,2024-01-21 02:00:00,1050.0,electronics,7,27.03,North
484,2024-01-21 03:00:00,1159.0,Books,3,73.85,West
485,2024-01-21 04:00:00,1092.0,Home Goods,1,27.61,West
486,2024-01-21 05:00:00,1046.0,Electronics,3,56.25,South
487,2024-01-21 06:00:00,1066.0,electronics,7,64.4,East
488,2024-01-21 07:00:00,1106.0,Apparel,2,42.08,East
489,2024-01-21 08:00:00,1153.0,Books,7,17.46,West
490,2024-01-21 09:00:00,1121.0,electronics,4,17.72,South
491,2024-01-21 10:00:00,1186.0,Home Goods,7,62.2,East
492,2024-01-21 11:00:00,1173.0,Apparel,5,19.79,North
493,2024-01-21 12:00:00,1150.0,Electronics,1,52.84,North
494,2024-01-21 13:00:00,1120.0,electronics,4,47.29,West
495,2024-01-21 14:00:00,1057.0,Apparel,3,52.54,South
496,2024-01-21 15:00:00,1082.0,Electronics,2,54.43,North
497,2024-01-21 16:00:00,1023.0,Apparel,4,26.33,North
498,2024-01-21 17:00:00,1074.0,Home Goods,1,25.49,South
499,2024-01-21 18:00:00,1185.0,Books,5,59.3,East
500,2024-01-21 19:00:00,1085.0,Electronics,6,32.41,South
501,2024-01-21 20:00:00,1022.0,Books,1,-10.0,West
502,2024-01-21 21:00:00,1130.0,electronics,4,57.98,West
503,2024-01-21 22:00:00,1192.0,Electronics,5,24.27,South
504,2024-01-21 23:00:00,1173.0,Apparel,1,54.34,West
505,2024-01-22 00:00:00,1054.0,Home Goods,3,72.86,North
506,2024-01-22 01:00:00,1090.0,Books,2,45.34,South
507,2024-01-22 02:00:00,1106.0,Electronics,1,64.92,North
508,2024-01-22 03:00:00,1049.0,Electronics,6,48.08,North
509,2024-01-22 04:00:00,1053.0,Home Goods,4,76.75,North
510,2024-01-22 05:00:00,1047.0,Books,6,23.76,North
511,2024-01-22 06:00:00,1198.0,Home Goods,5,44.84,West
512,2024-01-22 07:00:00,1149.0,Apparel,7,58.46,East
513,2024-01-22 08:00:00,1168.0,Books,7,41.19,West
514,2024-01-22 09:00:00,1163.0,Books,5,68.04,East
515,2024-01-22 10:00:00,1191.0,Home Goods,3,36.36,East
516,2024-01-22 11:00:00,1021.0,Apparel,3,86.39,North
517,2024-01-22 12:00:00,1176.0,Home Goods,6,87.44,East
518,2024-01-22 13:00:00,1013.0,Apparel,3,50.64,South
519,2024-01-22 14:00:00,1095.0,Home Goods,4,56.05,West
520,2024-01-22 15:00:00,1118.0,Home Goods,2,68.83,West
521,2024-01-22 16:00:00,1071.0,Home Goods,7,21.26,North
522,2024-01-22 17:00:00,1029.0,Apparel,5,18.76,East
523,2024-01-22 18:00:00,1038.0,Apparel,3,70.13,East
524,2024-01-22 19:00:00,1164.0,Books,5,50.48,East
525,2024-01-22 20:00:00,1063.0,Apparel,3,40.47,North
526,2024-01-22 21:00:00,1062.0,Electronics,2,45.22,East
527,2024-01-22 22:00:00,1184.0,Home Goods,7,-2.72,West
528,2024-01-22 23:00:00,1028.0,electronics,7,41.19,South
529,2024-01-23 00:00:00,1183.0,Electronics,6,29.94,East
530,2024-01-23 01:00:00,1184.0,Electronics,3,63.36,North
531,2024-01-23 02:00:00,1119.0,Home Goods,2,64.9,West
532,2024-01-23 03:00:00,1033.0,Books,1,56.53,North
533,2024-01-23 04:00:00,1031.0,Home Goods,6,52.91,North
534,2024-01-23 05:00:00,1056.0,Home Goods,3,15.05,South
535,2024-01-23 06:00:00,1115.0,Electronics,7,56.81,West
536,2024-01-23 07:00:00,1030.0,Apparel,7,57.59,East
537,2024-01-23 08:00:00,1091.0,Electronics,1,69.9,North
538,2024-01-23 09:00:00,1023.0,Books,7,87.36,North
539,2024-01-23 10:00:00,1108.0,Books,1,11.15,West
540,2024-01-23 11:00:00,1004.0,Books,4,37.23,South
541,2024-01-23 12:00:00,1141.0,electronics,4,30.15,North
542,2024-01-23 13:00:00,1011.0,Electronics,7,48.45,
543,2024-01-23 14:00:00,1038.0,electronics,5,45.27,North
544,2024-01-23 15:00:00,1034.0,Apparel,7,40.32,East
545,2024-01-23 16:00:00,1166.0,electronics,5,65.55,South
546,2024-01-23 17:00:00,1010.0,Books,6,22.97,West
547,2024-01-23 18:00:00,1085.0,Electronics,6,24.18,West
548,2024-01-23 19:00:00,1118.0,Electronics,7,24.52,South
549,2024-01-23 20:00:00,1103.0,electronics,3,37.79,East
550,2024-01-23 21:00:00,1136.0,Apparel,3,20.43,West
551,2024-01-23 22:00:00,1160.0,Apparel,7,44.03,West
552,2024-01-23 23:00:00,1078.0,electronics,6,41.69,South
553,2024-01-24 00:00:00,1165.0,Apparel,7,29.27,South
554,2024-01-24 01:00:00,1063.0,Apparel,5,62.48,West
555,2024-01-24 02:00:00,1196.0,Home Goods,7,43.81,North
556,2024-01-24 03:00:00,1100.0,Home Goods,6,66.25,North
557,2024-01-24 04:00:00,1147.0,Electronics,6,41.1,North
558,2024-01-24 05:00:00,1175.0,electronics,2,44.52,West
559,2024-01-24 06:00:00,1158.0,Home Goods,4,33.74,North
560,2024-01-24 07:00:00,1170.0,Electronics,6,44.86,South
561,2024-01-24 08:00:00,1107.0,Home Goods,6,59.24,East
562,2024-01-24 09:00:00,1008.0,Electronics,7,36.77,North
563,2024-01-24 10:00:00,1098.0,Apparel,3,55.37,South
564,2024-01-24 11:00:00,1036.0,Electronics,3,28.75,South
565,2024-01-24 12:00:00,1177.0,Electronics,7,60.18,North
566,2024-01-24 13:00:00,1047.0,Apparel,7,33.4,
567,2024-01-24 14:00:00,1045.0,electronics,2,62.03,North
568,2024-01-24 15:00:00,1049.0,electronics,3,46.22,West
569,2024-01-24 16:00:00,1128.0,electronics,7,75.42,South
570,2024-01-24 17:00:00,1114.0,electronics,2,21.92,North
571,2024-01-24 18:00:00,1189.0,Apparel,6,15.48,North
572,2024-01-24 19:00:00,1083.0,Apparel,1,32.68,East
573,2024-01-24 20:00:00,1056.0,electronics,2,17.31,South
574,2024-01-24 21:00:00,1009.0,Apparel,6,17.35,North
575,2024-01-24 22:00:00,1001.0,Apparel,5,57.43,West
576,2024-01-24 23:00:00,1074.0,Home Goods,4,44.92,South
577,2024-01-25 00:00:00,1185.0,Home Goods,6,35.41,West
578,2024-01-25 01:00:00,1104.0,Books,3,37.26,North
579,2024-01-25 02:00:00,1178.0,Home Goods,4,33.06,North
580,2024-01-25 03:00:00,1020.0,electronics,5,78.01,East
581,2024-01-25 04:00:00,1018.0,Home Goods,6,30.29,South
582,2024-01-25 05:00:00,1166.0,Books,3,18.56,North
583,2024-01-25 06:00:00,1021.0,Apparel,5,60.92,North
584,2024-01-25 07:00:00,1010.0,Electronics,4,40.68,North
585,2024-01-25 08:00:00,1080.0,Home Goods,4,85.78,West
586,2024-01-25 09:00:00,1184.0,Apparel,7,34.48,South
587,2024-01-25 10:00:00,1137.0,electronics,3,61.92,
588,2024-01-25 11:00:00,1019.0,Books,5,66.64,North
589,2024-01-25 12:00:00,1167.0,Books,7,34.57,South
590,2024-01-25 13:00:00,1168.0,Books,6,30.14,South
591,2024-01-25 14:00:00,1160.0,Electronics,7,59.83,East
592,2024-01-25 15:00:00,1180.0,Home Goods,5,56.5,West
593,2024-01-25 16:00:00,1047.0,Home Goods,2,16.79,West
594,2024-01-25 17:00:00,1195.0,Apparel,7,22.43,North
595,2024-01-25 18:00:00,1064.0,Books,5,-5.73,South
596,2024-01-25 19:00:00,1160.0,electronics,2,56.91,West
597,2024-01-25 20:00:00,1115.0,Home Goods,3,39.76,North
598,2024-01-25 21:00:00,1155.0,Apparel,2,41.76,East
599,2024-01-25 22:00:00,1125.0,Apparel,6,4999.99,South
600,2024-01-25 23:00:00,1128.0,Apparel,1,23.04,South
601,2024-01-26 00:00:00,1123.0,electronics,6,35.44,South
602,2024-01-26 01:00:00,1155.0,Books,4,31.55,South
603,2024-01-26 02:00:00,1147.0,Electronics,1,47.36,West
604,2024-01-26 03:00:00,1026.0,Home Goods,5,56.67,East
605,2024-01-26 04:00:00,1165.0,Apparel,6,90.39,West
606,2024-01-26 05:00:00,1107.0,Electronics,6,44.6,West
607,2024-01-26 06:00:00,1064.0,Home Goods,4,67.31,South
608,2024-01-26 07:00:00,1102.0,Home Goods,3,28.4,East
609,2024-01-26 08:00:00,1193.0,Apparel,2,11.5,South
610,2024-01-26 09:00:00,1171.0,Electronics,1,37.95,West
611,2024-01-26 10:00:00,1166.0,electronics,3,13.05,North
612,2024-01-26 11:00:00,1092.0,electronics,5,45.29,West
613,2024-01-26 12:00:00,1156.0,Apparel,1,29.39,East
614,2024-01-26 13:00:00,1077.0,electronics,7,5.91,East
615,2024-01-26 14:00:00,1137.0,Home Goods,5,79.72,East
616,2024-01-26 15:00:00,,Apparel,3,34.25,East
617,2024-01-26 16:00:00,1049.0,Apparel,7,12.25,East
618,2024-01-26 17:00:00,1053.0,Electronics,2,62.96,East
619,2024-01-26 18:00:00,1012.0,Books,7,30.43,North
620,2024-01-26 19:00:00,1027.0,Electronics,2,66.8,East
621,2024-01-26 20:00:00,1086.0,Electronics,3,30.33,South
622,2024-01-26 21:00:00,1095.0,Electronics,3,34.18,East
623,2024-01-26 22:00:00,1033.0,electronics,7,51.9,East
624,2024-01-26 23:00:00,1083.0,Books,2,56.86,North
625,2024-01-27 00:00:00,1120.0,electronics,7,60.37,West
626,2024-01-27 01:00:00,,Apparel,3,43.21,South
627,2024-01-27 02:00:00,1067.0,Home Goods,2,55.57,East
628,2024-01-27 03:00:00,1073.0,Electronics,5,59.91,East
629,2024-01-27 04:00:00,1101.0,Home Goods,5,49.01,East
630,2024-01-27 05:00:00,1073.0,Electronics,3,42.15,West
631,2024-01-27 06:00:00,1147.0,Home Goods,1,16.09,North
632,2024-01-27 07:00:00,1065.0,Home Goods,3,56.98,North
633,2024-01-27 08:00:00,1086.0,Home Goods,4,45.84,East
634,2024-01-27 09:00:00,1075.0,electronics,1,36.73,North
635,2024-01-27 10:00:00,1036.0,Apparel,1,70.56,North
636,2024-01-27 11:00:00,1137.0,Home Goods,7,16.44,North
637,2024-01-27 12:00:00,1047.0,electronics,1,77.88,South
638,2024-01-27 13:00:00,1059.0,Home Goods,3,44.55,
639,2024-01-27 14:00:00,1158.0,Electronics,6,51.35,North
640,2024-01-27 15:00:00,1189.0,Books,3,37.1,South
641,2024-01-27 16:00:00,1134.0,Apparel,4,11.66,West
642,2024-01-27 17:00:00,1183.0,electronics,1,42.21,
643,2024-01-27 18:00:00,1170.0,Apparel,6,51.69,North
644,2024-01-27 19:00:00,1096.0,Apparel,5,58.52,West
645,2024-01-27 20:00:00,1154.0,Apparel,6,41.04,North
646,2024-01-27 21:00:00,1065.0,Electronics,7,1.15,West
647,2024-01-27 22:00:00,1092.0,Books,3,14.17,North
648,2024-01-27 23:00:00,1107.0,Books,1,86.04,South
649,2024-01-28 00:00:00,1192.0,Books,3,23.15,South
650,2024-01-28 01:00:00,1169.0,Books,2,73.54,East
651,2024-01-28 02:00:00,1097.0,Books,4,26.32,North
652,2024-01-28 03:00:00,1130.0,Apparel,2,41.35,South
653,2024-01-28 04:00:00,1040.0,Electronics,7,57.5,East
654,2024-01-28 05:00:00,1160.0,Home Goods,5,28.6,North
655,2024-01-28 06:00:00,1110.0,electronics,2,76.84,West
656,2024-01-28 07:00:00,1106.0,electronics,7,46.51,South
657,2024-01-28 08:00:00,1153.0,Books,6,54.22,North
658,2024-01-28 09:00:00,1126.0,Books,4,39.65,North
659,2024-01-28 10:00:00,1014.0,Home Goods,2,58.17,South
660,2024-01-28 11:00:00,1057.0,Apparel,3,76.58,North
661,2024-01-28 12:00:00,1035.0,Electronics,5,42.37,East
662,2024-01-28 13:00:00,1146.0,electronics,6,79.59,East
663,2024-01-28 14:00:00,1007.0,Books,2,32.77,South
664,2024-01-28 15:00:00,1040.0,Home Goods,6,60.28,South
665,2024-01-28 16:00:00,1119.0,Home Goods,2,54.78,West
666,2024-01-28 17:00:00,1138.0,Home Goods,2,23.63,South
667,2024-01-28 18:00:00,1100.0,electronics,4,49.28,East
668,2024-01-28 19:00:00,1172.0,Books,2,45.15,West
669,2024-01-28 20:00:00,1183.0,Apparel,3,27.94,North
670,2024-01-28 21:00:00,1026.0,Apparel,3,52.16,East
671,2024-01-28 22:00:00,1190.0,electronics,2,47.93,West
672,2024-01-28 23:00:00,1122.0,Apparel,6,43.55,East
673,2024-01-29 00:00:00,1127.0,Books,3,43.63,
674,2024-01-29 01:00:00,1019.0,Apparel,5,43.2,South
675,2024-01-29 02:00:00,,Home Goods,6,37.65,East
676,2024-01-29 03:00:00,1145.0,electronics,5,47.8,South
677,2024-01-29 04:00:00,1116.0,Home Goods,-2,32.12,North
678,2024-01-29 05:00:00,1016.0,electronics,6,98.14,
679,2024-01-29 06:00:00,1104.0,Apparel,2,16.81,South
680,2024-01-29 07:00:00,1187.0,Electronics,2,33.31,
681,2024-01-29 08:00:00,1144.0,Electronics,7,34.89,East
682,2024-01-29 09:00:00,1027.0,Apparel,3,85.81,West
683,2024-01-29 10:00:00,1191.0,electronics,5,18.6,
684,2024-01-29 11:00:00,1191.0,Home Goods,1,53.52,East
685,2024-01-29 12:00:00,1033.0,Home Goods,5,49.97,
686,2024-01-29 13:00:00,1160.0,Home Goods,7,51.67,West
687,2024-01-29 14:00:00,1081.0,Apparel,5,69.73,East
688,2024-01-29 15:00:00,1118.0,electronics,5,69.32,East
689,2024-01-29 16:00:00,1089.0,Apparel,6,35.98,North
690,2024-01-29 17:00:00,1156.0,electronics,3,48.88,North
691,2024-01-29 18:00:00,,electronics,3,7.72,South
692,2024-01-29 19:00:00,1159.0,Home Goods,1,46.98,South
693,2024-01-29 20:00:00,1186.0,Books,5,29.12,North
694,2024-01-29 21:00:00,1189.0,electronics,6,41.27,East
695,2024-01-29 22:00:00,1018.0,Home Goods,6,11.29,East
696,2024-01-29 23:00:00,1050.0,Electronics,6,53.1,East
697,2024-01-30 00:00:00,1144.0,Electronics,1,11.07,West
698,2024-01-30 01:00:00,1118.0,Apparel,5,47.97,
699,2024-01-30 02:00:00,1010.0,Apparel,6,20.47,West
700,2024-01-30 03:00:00,1019.0,electronics,2,4999.99,East
701,2024-01-30 04:00:00,1104.0,Apparel,4,68.09,North
702,2024-01-30 05:00:00,1123.0,electronics,7,56.76,West
703,2024-01-30 06:00:00,,electronics,3,67.98,North
704,2024-01-30 07:00:00,1034.0,Home Goods,6,76.19,North
705,2024-01-30 08:00:00,1025.0,electronics,4,29.54,South
706,2024-01-30 09:00:00,1112.0,Books,5,74.98,East
707,2024-01-30 10:00:00,1001.0,Home Goods,5,15.69,East
708,2024-01-30 11:00:00,1114.0,electronics,5,59.92,North
709,2024-01-30 12:00:00,1095.0,Home Goods,6,35.13,West
710,2024-01-30 13:00:00,1093.0,Apparel,7,26.39,North
711,2024-01-30 14:00:00,,electronics,3,57.29,South
712,2024-01-30 15:00:00,1104.0,Books,7,63.9,South
713,2024-01-30 16:00:00,1145.0,Home Goods,5,63.31,South
714,2024-01-30 17:00:00,1152.0,Apparel,5,49.3,West
715,2024-01-30 18:00:00,1184.0,Books,3,47.64,North
716,2024-01-30 19:00:00,1159.0,Home Goods,3,55.54,North
717,2024-01-30 20:00:00,1103.0,Electronics,5,51.08,North
718,2024-01-30 21:00:00,1098.0,Apparel,3,55.83,West
719,2024-01-30 22:00:00,1047.0,Electronics,3,49.08,
720,2024-01-30 23:00:00,1119.0,Home Goods,6,61.86,East
721,2024-01-31 00:00:00,,Books,3,12.46,East
722,2024-01-31 01:00:00,1186.0,Home Goods,5,42.37,West
723,2024-01-31 02:00:00,1169.0,Apparel,1,17.32,South
724,2024-01-31 03:00:00,1023.0,Home Goods,1,50.53,North
725,2024-01-31 04:00:00,1157.0,electronics,6,77.84,East
726,2024-01-31 05:00:00,1023.0,electronics,1,35.52,South
727,2024-01-31 06:00:00,1144.0,Home Goods,6,47.55,South
728,2024-01-31 07:00:00,1017.0,Electronics,7,60.13,South
729,2024-01-31 08:00:00,1097.0,Home Goods,4,3.65,South
730,2024-01-31 09:00:00,1131.0,Home Goods,7,34.56,East
731,2024-01-31 10:00:00,1145.0,Books,3,52.29,South
732,2024-01-31 11:00:00,1083.0,Electronics,7,-12.94,North
733,2024-01-31 12:00:00,1184.0,Books,2,25.46,West
734,2024-01-31 13:00:00,1154.0,Home Goods,3,67.02,East
735,2024-01-31 14:00:00,1041.0,Apparel,3,65.06,North
736,2024-01-31 15:00:00,1134.0,Home Goods,6,52.49,North
737,2024-01-31 16:00:00,1146.0,electronics,1,62.64,North
738,2024-01-31 17:00:00,1066.0,Books,6,49.3,North
739,2024-01-31 18:00:00,1147.0,electronics,1,56.11,North
740,2024-01-31 19:00:00,1179.0,Electronics,3,38.69,North
741,2024-01-31 20:00:00,1163.0,Apparel,5,47.32,West
742,2024-01-31 21:00:00,1152.0,Apparel,2,32.35,West
743,2024-01-31 22:00:00,1126.0,Books,4,70.27,West
744,2024-01-31 23:00:00,1054.0,Home Goods,7,75.43,East
745,2024-02-01 00:00:00,1159.0,Electronics,6,72.6,West
746,2024-02-01 01:00:00,1072.0,Electronics,1,36.84,West
747,2024-02-01 02:00:00,1106.0,Home Goods,5,25.92,West
748,2024-02-01 03:00:00,1062.0,electronics,5,70.54,West
749,2024-02-01 04:00:00,1062.0,Books,1,55.88,West
750,2024-02-01 05:00:00,1031.0,Electronics,5,51.57,West
751,2024-02-01 06:00:00,1192.0,Books,4,32.33,East
752,2024-02-01 07:00:00,1029.0,electronics,5,53.51,North
753,2024-02-01 08:00:00,1017.0,Electronics,3,23.29,North
754,2024-02-01 09:00:00,1187.0,electronics,2,57.68,South
755,2024-02-01 10:00:00,1111.0,Electronics,6,72.58,North
756,2024-02-01 11:00:00,1087.0,Home Goods,6,77.62,North
757,2024-02-01 12:00:00,1147.0,electronics,2,59.17,North
758,2024-02-01 13:00:00,1076.0,Home Goods,2,17.36,South
759,2024-02-01 14:00:00,1025.0,Home Goods,5,48.95,
760,2024-02-01 15:00:00,1145.0,Electronics,6,87.79,South
761,2024-02-01 16:00:00,1035.0,Electronics,2,27.63,South
762,2024-02-01 17:00:00,1110.0,Electronics,2,43.82,South
763,2024-02-01 18:00:00,1189.0,Electronics,6,73.27,South
764,2024-02-01 19:00:00,1187.0,Electronics,5,57.34,East
765,2024-02-01 20:00:00,1072.0,electronics,7,94.6,East
766,2024-02-01 21:00:00,1156.0,Home Goods,6,30.34,North
767,2024-02-01 22:00:00,1122.0,electronics,7,25.2,East
768,2024-02-01 23:00:00,1095.0,electronics,2,69.48,North
769,2024-02-02 00:00:00,1027.0,Home Goods,2,21.08,East
770,2024-02-02 01:00:00,1075.0,Home Goods,2,41.06,West
771,2024-02-02 02:00:00,1130.0,electronics,1,43.69,West
772,2024-02-02 03:00:00,1197.0,electronics,6,65.72,North
773,2024-02-02 04:00:00,1000.0,Home Goods,5,57.29,West
774,2024-02-02 05:00:00,1143.0,Electronics,1,54.14,West
775,2024-02-02 06:00:00,1169.0,Home Goods,2,36.95,West
776,2024-02-02 07:00:00,1190.0,Books,2,69.3,South
777,2024-02-02 08:00:00,1084.0,electronics,3,125.52,South
778,2024-02-02 09:00:00,1023.0,Electronics,4,58.83,North
779,2024-02-02 10:00:00,1054.0,Apparel,3,46.99,North
780,2024-02-02 11:00:00,1170.0,Electronics,7,19.04,East
781,2024-02-02 12:00:00,1175.0,Electronics,2,32.25,South
782,2024-02-02 13:00:00,1127.0,Electronics,4,40.73,South
783,2024-02-02 14:00:00,1024.0,Books,4,34.31,West
784,2024-02-02 15:00:00,1024.0,Books,3,44.68,East
785,2024-02-02 16:00:00,1095.0,Home Goods,6,80.56,
786,2024-02-02 17:00:00,1117.0,Apparel,7,69.94,West
787,2024-02-02 18:00:00,1006.0,Apparel,1,41.82,West
788,2024-02-02 19:00:00,1137.0,Apparel,4,20.83,West
789,2024-02-02 20:00:00,1108.0,Home Goods,1,71.75,North
790,2024-02-02 21:00:00,1002.0,Books,4,44.02,North
791,2024-02-02 22:00:00,1019.0,Apparel,5,10.47,West
792,2024-02-02 23:00:00,1090.0,Electronics,3,59.25,North
793,2024-02-03 00:00:00,1144.0,electronics,3,65.51,South
794,2024-02-03 01:00:00,1165.0,Books,3,-3.52,East
795,2024-02-03 02:00:00,1086.0,Home Goods,3,28.51,North
796,2024-02-03 03:00:00,1059.0,electronics,3,42.79,North
797,2024-02-03 04:00:00,1193.0,Books,3,59.69,South
798,2024-02-03 05:00:00,1091.0,Apparel,5,34.69,South
799,2024-02-03 06:00:00,1063.0,Home Goods,1,28.36,East
800,2024-02-03 07:00:00,1088.0,Home Goods,1,59.54,North
801,2024-02-03 08:00:00,1002.0,Electronics,4,35.63,East
802,2024-02-03 09:00:00,1060.0,electronics,5,55.84,North
803,2024-02-03 10:00:00,,Home Goods,2,22.77,East
804,2024-02-03 11:00:00,1183.0,Books,2,17.95,North
805,2024-02-03 12:00:00,1147.0,electronics,5,60.11,North
806,2024-02-03 13:00:00,1156.0,Electronics,3,50.05,West
807,2024-02-03 14:00:00,1108.0,Home Goods,6,63.45,North
808,2024-02-03 15:00:00,1022.0,Books,2,34.35,West
809,2024-02-03 16:00:00,1078.0,Home Goods,1,29.1,South
810,2024-02-03 17:00:00,1199.0,electronics,4,72.21,North
811,2024-02-03 18:00:00,1008.0,Apparel,3,14.54,South
812,2024-02-03 19:00:00,1175.0,Apparel,6,70.03,West
813,2024-02-03 20:00:00,1136.0,electronics,4,71.41,South
814,2024-02-03 21:00:00,1056.0,Books,3,62.2,South
815,2024-02-03 22:00:00,1155.0,Home Goods,2,31.24,East
816,2024-02-03 23:00:00,1167.0,Electronics,2,28.67,South
817,2024-02-04 00:00:00,1008.0,Home Goods,6,40.8,West
818,2024-02-04 01:00:00,1021.0,Books,2,19.1,
819,2024-02-04 02:00:00,1133.0,electronics,4,25.77,East
820,2024-02-04 03:00:00,1199.0,Home Goods,6,57.89,South
821,2024-02-04 04:00:00,1004.0,Apparel,7,57.99,South
822,2024-02-04 05:00:00,1133.0,Apparel,2,24.01,
823,2024-02-04 06:00:00,1027.0,Books,1,58.52,East
824,2024-02-04 07:00:00,1130.0,Electronics,6,54.09,North
825,2024-02-04 08:00:00,1124.0,Home Goods,5,75.2,
826,2024-02-04 09:00:00,1018.0,Home Goods,3,56.38,
827,2024-02-04 10:00:00,1136.0,Electronics,5,66.17,South
828,2024-02-04 11:00:00,1179.0,Apparel,2,54.54,South
829,2024-02-04 12:00:00,1172.0,Electronics,5,64.6,East
830,2024-02-04 13:00:00,1005.0,Home Goods,6,19.26,West
831,2024-02-04 14:00:00,1049.0,electronics,3,42.57,East
832,2024-02-04 15:00:00,1048.0,Electronics,4,44.22,South
833,2024-02-04 16:00:00,1090.0,Books,3,40.13,South
834,2024-02-04 17:00:00,1028.0,electronics,1,53.88,South
835,2024-02-04 18:00:00,1170.0,electronics,1,57.69,North
836,2024-02-04 19:00:00,1155.0,Books,7,52.85,West
837,2024-02-04 20:00:00,1161.0,Books,4,41.46,North
838,2024-02-04 21:00:00,1039.0,Electronics,2,30.29,South
839,2024-02-04 22:00:00,1002.0,electronics,1,66.94,West
840,2024-02-04 23:00:00,1182.0,Apparel,3,51.99,South
841,2024-02-05 00:00:00,1057.0,Apparel,7,24.63,South
842,2024-02-05 01:00:00,1131.0,Books,3,41.13,West
843,2024-02-05 02:00:00,1181.0,Home Goods,7,10.13,North
844,2024-02-05 03:00:00,1007.0,Electronics,4,45.71,West
845,2024-02-05 04:00:00,1001.0,Books,6,41.03,North
846,2024-02-05 05:00:00,1001.0,Electronics,6,33.51,South
847,2024-02-05 06:00:00,1031.0,Electronics,1,76.69,East
848,2024-02-05 07:00:00,1010.0,Apparel,1,21.88,South
849,2024-02-05 08:00:00,1163.0,Apparel,7,59.13,East
850,2024-02-05 09:00:00,1121.0,Electronics,7,88.73,North
851,2024-02-05 10:00:00,1196.0,Electronics,1,66.55,East
852,2024-02-05 11:00:00,1160.0,Home Goods,5,44.37,North
853,2024-02-05 12:00:00,1192.0,electronics,7,22.32,West
854,2024-02-05 13:00:00,1047.0,Apparel,7,17.76,East
855,2024-02-05 14:00:00,1057.0,Home Goods,3,36.77,East
856,2024-02-05 15:00:00,1169.0,Home Goods,6,31.26,North
857,2024-02-05 16:00:00,1048.0,Home Goods,5,30.61,East
858,2024-02-05 17:00:00,1011.0,electronics,7,38.47,East
859,2024-02-05 18:00:00,1133.0,electronics,2,42.96,South
860,2024-02-05 19:00:00,1160.0,Apparel,5,54.7,East
861,2024-02-05 20:00:00,1193.0,Home Goods,1,20.24,North
862,2024-02-05 21:00:00,1185.0,Home Goods,3,31.36,North
863,2024-02-05 22:00:00,1024.0,Home Goods,1,41.81,West
864,2024-02-05 23:00:00,1154.0,electronics,4,41.09,North
865,2024-02-06 00:00:00,1169.0,Books,6,81.73,South
866,2024-02-06 01:00:00,1139.0,Home Goods,5,49.64,East
867,2024-02-06 02:00:00,1163.0,Apparel,3,12.73,West
868,2024-02-06 03:00:00,1167.0,Books,3,53.36,North
869,2024-02-06 04:00:00,1089.0,Books,3,55.91,North
870,2024-02-06 05:00:00,1008.0,Apparel,6,42.5,South
871,2024-02-06 06:00:00,1091.0,Apparel,2,20.73,East
872,2024-02-06 07:00:00,1040.0,Home Goods,1,80.16,South
873,2024-02-06 08:00:00,1022.0,Apparel,4,23.6,East
874,2024-02-06 09:00:00,1024.0,electronics,6,58.22,West
875,2024-02-06 10:00:00,1139.0,Apparel,4,49.0,West
876,2024-02-06 11:00:00,1100.0,Electronics,2,57.02,South
877,2024-02-06 12:00:00,1107.0,Books,1,79.14,North
878,2024-02-06 13:00:00,1149.0,electronics,7,56.23,South
879,2024-02-06 14:00:00,,Apparel,6,33.83,North
880,2024-02-06 15:00:00,1126.0,Electronics,2,67.12,South
881,2024-02-06 16:00:00,1017.0,Electronics,1,32.38,West
882,2024-02-06 17:00:00,1170.0,Books,1,48.27,South
883,2024-02-06 18:00:00,1089.0,Books,3,19.14,North
884,2024-02-06 19:00:00,1031.0,electronics,6,24.33,East
885,2024-02-06 20:00:00,1162.0,Electronics,2,46.03,
886,2024-02-06 21:00:00,1146.0,Books,6,52.36,North
887,2024-02-06 22:00:00,,Books,1,10.95,West
888,2024-02-06 23:00:00,1038.0,Electronics,6,54.95,West
889,2024-02-07 00:00:00,1003.0,Apparel,2,28.61,South
890,2024-02-07 01:00:00,1054.0,electronics,7,70.59,East
891,2024-02-07 02:00:00,1019.0,Apparel,4,37.96,South
892,2024-02-07 03:00:00,1141.0,Home Goods,2,22.53,South
893,2024-02-07 04:00:00,,Electronics,2,46.52,South
894,2024-02-07 05:00:00,1196.0,electronics,6,26.68,North
895,2024-02-07 06:00:00,1149.0,Home Goods,3,70.38,East
896,2024-02-07 07:00:00,1122.0,Apparel,3,45.01,West
897,2024-02-07 08:00:00,1101.0,Electronics,6,41.97,South
898,2024-02-07 09:00:00,1010.0,Books,4,56.84,East
899,2024-02-07 10:00:00,1014.0,Apparel,5,24.9,North
900,2024-02-07 11:00:00,1123.0,Books,4,19.22,North
901,2024-02-07 12:00:00,1000.0,Books,1,53.17,East
902,2024-02-07 13:00:00,,Electronics,1,23.01,North
903,2024-02-07 14:00:00,1043.0,Electronics,1,23.0,West
904,2024-02-07 15:00:00,1176.0,Apparel,-5,61.74,South
905,2024-02-07 16:00:00,1091.0,Electronics,4,55.5,West
906,2024-02-07 17:00:00,1141.0,Electronics,6,19.92,South
907,2024-02-07 18:00:00,1082.0,Home Goods,7,32.62,South
908,2024-02-07 19:00:00,1034.0,Books,2,26.93,West
909,2024-02-07 20:00:00,,Apparel,7,80.53,East
910,2024-02-07 21:00:00,1018.0,Home Goods,7,63.12,North
911,2024-02-07 22:00:00,1154.0,Electronics,5,36.58,West
912,2024-02-07 23:00:00,1036.0,electronics,4,56.52,South
913,2024-02-08 00:00:00,1075.0,Apparel,2,17.88,North
914,2024-02-08 01:00:00,1196.0,Electronics,2,31.55,South
915,2024-02-08 02:00:00,1118.0,Home Goods,1,4999.99,East
916,2024-02-08 03:00:00,1091.0,Electronics,5,54.04,East
917,2024-02-08 04:00:00,1108.0,electronics,4,43.05,West
918,2024-02-08 05:00:00,1156.0,electronics,2,49.96,East
919,2024-02-08 06:00:00,1050.0,Apparel,1,46.57,North
920,2024-02-08 07:00:00,1127.0,Books,1,41.73,South
921,2024-02-08 08:00:00,1174.0,Electronics,5,39.08,North
922,2024-02-08 09:00:00,1114.0,Apparel,5,36.47,West
923,2024-02-08 10:00:00,1089.0,Apparel,5,49.64,North
924,2024-02-08 11:00:00,1029.0,Books,1,53.22,East
925,2024-02-08 12:00:00,1049.0,Books,1,48.97,East
926,2024-02-08 13:00:00,1189.0,Electronics,1,21.43,West
927,2024-02-08 14:00:00,1108.0,Apparel,6,25.02,North
928,2024-02-08 15:00:00,1060.0,Home Goods,6,52.98,North
929,2024-02-08 16:00:00,1083.0,Electronics,3,74.43,West
930,2024-02-08 17:00:00,1115.0,electronics,1,48.05,East
931,2024-02-08 18:00:00,1107.0,Books,3,36.77,South
932,2024-02-08 19:00:00,1139.0,Home Goods,6,49.49,West
933,2024-02-08 20:00:00,1051.0,electronics,2,22.26,West
934,2024-02-08 21:00:00,1129.0,electronics,6,71.18,South
935,2024-02-08 22:00:00,1088.0,Books,4,48.73,West
936,2024-02-08 23:00:00,1188.0,electronics,1,31.61,North
937,2024-02-09 00:00:00,1031.0,Electronics,7,41.66,
938,2024-02-09 01:00:00,1029.0,Home Goods,4,34.46,North
939,2024-02-09 02:00:00,1092.0,Books,5,71.23,South
940,2024-02-09 03:00:00,1101.0,Electronics,1,40.96,North
941,2024-02-09 04:00:00,1138.0,electronics,3,48.11,West
942,2024-02-09 05:00:00,,Home Goods,5,56.47,
943,2024-02-09 06:00:00,1182.0,Electronics,5,30.18,South
944,2024-02-09 07:00:00,1094.0,Apparel,1,48.87,South
945,2024-02-09 08:00:00,1025.0,electronics,5,50.49,South
946,2024-02-09 09:00:00,1023.0,Electronics,7,13.92,North
947,2024-02-09 10:00:00,1194.0,electronics,6,50.05,West
948,2024-02-09 11:00:00,1026.0,Books,2,44.08,North
949,2024-02-09 12:00:00,1189.0,Books,7,47.6,
950,2024-02-09 13:00:00,1055.0,Home Goods,5,45.71,West
951,2024-02-09 14:00:00,1018.0,Home Goods,1,50.18,North
952,2024-02-09 15:00:00,1060.0,Books,1,71.75,East
953,2024-02-09 16:00:00,1122.0,Electronics,7,21.41,
954,2024-02-09 17:00:00,1085.0,Apparel,2,38.16,West
955,2024-02-09 18:00:00,1157.0,Apparel,1,58.33,East
956,2024-02-09 19:00:00,1122.0,Apparel,4,54.62,North
957,2024-02-09 20:00:00,1080.0,electronics,4,54.19,North
958,2024-02-09 21:00:00,1126.0,Apparel,5,100.07,West
959,2024-02-09 22:00:00,1194.0,Apparel,5,57.28,South
960,2024-02-09 23:00:00,1082.0,Books,7,67.62,East
961,2024-02-10 00:00:00,1030.0,Electronics,6,38.86,West
962,2024-02-10 01:00:00,1081.0,Apparel,1,25.14,South
963,2024-02-10 02:00:00,,Books,1,38.71,North
964,2024-02-10 03:00:00,1043.0,electronics,1,59.24,South
965,2024-02-10 04:00:00,1189.0,Apparel,3,53.14,West
966,2024-02-10 05:00:00,1117.0,Electronics,3,53.07,South
967,2024-02-10 06:00:00,1120.0,Apparel,7,40.71,North
968,2024-02-10 07:00:00,1063.0,Apparel,3,37.52,West
969,2024-02-10 08:00:00,1184.0,Electronics,1,41.4,East
970,2024-02-10 09:00:00,1007.0,Electronics,7,59.49,East
971,2024-02-10 10:00:00,1059.0,Apparel,2,61.81,West
972,2024-02-10 11:00:00,1083.0,electronics,7,24.88,South
973,2024-02-10 12:00:00,1095.0,Home Goods,6,60.25,
974,2024-02-10 13:00:00,1094.0,Electronics,7,31.99,West
975,2024-02-10 14:00:00,1029.0,Books,6,54.38,South
976,2024-02-10 15:00:00,1045.0,Home Goods,2,41.16,South
977,2024-02-10 16:00:00,1019.0,Books,5,76.32,South
978,2024-02-10 17:00:00,1114.0,Electronics,3,36.64,East
979,2024-02-10 18:00:00,1070.0,electronics,5,48.57,East
980,2024-02-10 19:00:00,1113.0,Apparel,6,4999.99,East
981,2024-02-10 20:00:00,1117.0,Apparel,4,27.52,
982,2024-02-10 21:00:00,1140.0,Apparel,3,43.54,South
983,2024-02-10 22:00:00,1109.0,Books,7,39.67,West
984,2024-02-10 23:00:00,1129.0,Books,5,34.72,East
985,2024-02-11 00:00:00,1117.0,Electronics,7,36.21,East
986,2024-02-11 01:00:00,1130.0,electronics,2,67.24,North
987,2024-02-11 02:00:00,1123.0,Books,6,33.03,East
988,2024-02-11 03:00:00,1063.0,Home Goods,3,56.33,East
989,2024-02-11 04:00:00,1049.0,Books,4,51.29,North
990,2024-02-11 05:00:00,1157.0,Home Goods,7,17.06,West
991,2024-02-11 06:00:00,1068.0,Electronics,3,55.38,South
992,2024-02-11 07:00:00,1109.0,Home Goods,2,16.73,South
993,2024-02-11 08:00:00,1039.0,Books,7,57.56,West
994,2024-02-11 09:00:00,1086.0,Apparel,7,34.86,South
995,2024-02-11 10:00:00,1105.0,Electronics,3,45.17,East
996,2024-02-11 11:00:00,,electronics,3,19.11,East
997,2024-02-11 12:00:00,1105.0,Books,2,47.45,North
998,2024-02-11 13:00:00,,Books,1,63.54,South
999,2024-02-11 14:00:00,1192.0,Apparel,4,28.86,North
1000,2024-02-11 15:00:00,,Electronics,2,32.86,North
1001,2024-02-11 16:00:00,1161.0,Apparel,6,54.09,East
1002,2024-02-11 17:00:00,1147.0,Books,2,54.59,North
1003,2024-02-11 18:00:00,1111.0,Apparel,5,-3.68,
1004,2024-02-11 19:00:00,1177.0,Home Goods,4,85.31,South
1005,2024-02-11 20:00:00,1025.0,Home Goods,5,55.57,South
1006,2024-02-11 21:00:00,1184.0,electronics,1,58.94,West
1007,2024-02-11 22:00:00,1170.0,electronics,4,42.13,East
1008,2024-02-11 23:00:00,1100.0,Apparel,5,7.89,East
1009,2024-02-12 00:00:00,1146.0,Electronics,3,58.49,East
1010,2024-02-12 01:00:00,1104.0,Electronics,7,33.7,West
1011,2024-02-12 02:00:00,1053.0,electronics,4,55.88,North
1012,2024-02-12 03:00:00,1159.0,Apparel,3,40.62,North
1013,2024-02-12 04:00:00,1049.0,Apparel,1,49.76,
1014,2024-02-12 05:00:00,1062.0,Home Goods,2,29.5,North
1015,2024-02-12 06:00:00,1103.0,Home Goods,4,62.29,East
1016,2024-02-12 07:00:00,1167.0,Electronics,3,21.23,East
1017,2024-02-12 08:00:00,1076.0,electronics,7,89.91,East
1018,2024-02-12 09:00:00,1098.0,Electronics,6,89.76,West
1019,2024-02-12 10:00:00,1008.0,Apparel,2,77.65,
1020,2024-02-12 11:00:00,1023.0,Apparel,5,70.51,North
1021,2024-02-12 12:00:00,1011.0,electronics,4,43.31,East
1022,2024-02-12 13:00:00,1014.0,electronics,1,68.33,East
1023,2024-02-12 14:00:00,1173.0,electronics,5,43.08,South
1024,2024-02-12 15:00:00,1168.0,Books,4,13.93,West
1025,2024-02-12 16:00:00,1164.0,Home Goods,1,75.06,South
1026,2024-02-12 17:00:00,1011.0,Apparel,4,67.58,North
1027,2024-02-12 18:00:00,1015.0,Home Goods,6,44.37,West
1028,2024-02-12 19:00:00,1056.0,Apparel,3,20.5,West
1029,2024-02-12 20:00:00,1113.0,Home Goods,3,33.28,North
1030,2024-02-12 21:00:00,1066.0,electronics,1,8.58,West
1031,2024-02-12 22:00:00,1097.0,Books,2,63.9,North
1032,2024-02-12 23:00:00,1034.0,Apparel,7,12.93,North
1033,2024-02-13 00:00:00,1146.0,Apparel,5,50.74,South
1034,2024-02-13 01:00:00,1062.0,Books,2,28.13,West
1035,2024-02-13 02:00:00,1013.0,electronics,4,16.47,North
1036,2024-02-13 03:00:00,1148.0,Electronics,2,49.77,North
1037,2024-02-13 04:00:00,1180.0,Home Goods,4,38.32,West
1038,2024-02-13 05:00:00,1002.0,electronics,2,61.76,South
1039,2024-02-13 06:00:00,1087.0,Home Goods,5,19.65,North
1040,2024-02-13 07:00:00,1165.0,electronics,4,29.85,North
1041,2024-02-13 08:00:00,1141.0,electronics,5,-2.75,West
1042,2024-02-13 09:00:00,1171.0,electronics,4,1.31,East
1043,2024-02-13 10:00:00,1083.0,electronics,3,80.96,West
1044,2024-02-13 11:00:00,1074.0,Apparel,2,86.67,North
1045,2024-02-13 12:00:00,1141.0,Home Goods,2,46.85,South
1046,2024-02-13 13:00:00,1030.0,Home Goods,4,28.52,West
1047,2024-02-13 14:00:00,1047.0,Electronics,4,39.03,South
1048,2024-02-13 15:00:00,1120.0,Home Goods,5,62.47,North
1049,2024-02-13 16:00:00,1133.0,Electronics,1,34.71,South
1050,2024-02-13 17:00:00,1023.0,electronics,2,49.75,South
1051,2024-02-13 18:00:00,1101.0,Home Goods,6,44.74,North
1052,2024-02-13 19:00:00,1072.0,Electronics,7,33.62,West
1053,2024-02-13 20:00:00,1100.0,electronics,7,34.48,East
1054,2024-02-13 21:00:00,1191.0,electronics,3,50.87,East
1055,2024-02-13 22:00:00,1015.0,Books,1,25.46,North
1056,2024-02-13 23:00:00,1199.0,Books,2,54.03,East
1057,2024-02-14 00:00:00,,Electronics,1,35.57,East
1058,2024-02-14 01:00:00,1154.0,Apparel,7,47.55,West
1059,2024-02-14 02:00:00,1084.0,Apparel,7,72.68,South
1060,2024-02-14 03:00:00,1062.0,electronics,6,41.64,West
1061,2024-02-14 04:00:00,1154.0,Home Goods,6,63.4,South
1062,2024-02-14 05:00:00,1137.0,Apparel,3,9.16,East
1063,2024-02-14 06:00:00,1028.0,electronics,4,35.59,West
1064,2024-02-14 07:00:00,1141.0,Electronics,6,45.55,East
1065,2024-02-14 08:00:00,,electronics,6,83.47,East
1066,2024-02-14 09:00:00,1077.0,electronics,4,5.8,West
1067,2024-02-14 10:00:00,1185.0,electronics,6,43.08,West
1068,2024-02-14 11:00:00,1128.0,electronics,3,74.13,North
1069,2024-02-14 12:00:00,1066.0,Electronics,3,29.3,North
1070,2024-02-14 13:00:00,1002.0,Books,6,40.74,East
1071,2024-02-14 14:00:00,1134.0,Electronics,3,51.63,
1072,2024-02-14 15:00:00,1041.0,Apparel,6,48.69,East
1073,2024-02-14 16:00:00,1151.0,Apparel,4,76.32,South
1074,2024-02-14 17:00:00,1105.0,Apparel,3,53.97,East
1075,2024-02-14 18:00:00,1093.0,Books,2,71.56,North
1076,2024-02-14 19:00:00,1032.0,Electronics,5,37.8,North
1077,2024-02-14 20:00:00,1142.0,electronics,4,30.19,North
1078,2024-02-14 21:00:00,1033.0,Electronics,3,40.49,North
1079,2024-02-14 22:00:00,1083.0,Home Goods,6,21.82,West
1080,2024-02-14 23:00:00,1167.0,Apparel,1,54.67,South
1081,2024-02-15 00:00:00,1184.0,Books,1,37.28,North
1082,2024-02-15 01:00:00,1197.0,electronics,7,31.56,East
1083,2024-02-15 02:00:00,1191.0,electronics,5,54.97,South
1084,2024-02-15 03:00:00,1111.0,Books,4,22.13,South
1085,2024-02-15 04:00:00,1040.0,Apparel,1,60.41,South
1086,2024-02-15 05:00:00,1167.0,Apparel,5,35.43,North
1087,2024-02-15 06:00:00,1160.0,Home Goods,4,68.18,East
1088,2024-02-15 07:00:00,1198.0,Home Goods,5,37.15,North
1089,2024-02-15 08:00:00,1130.0,electronics,1,57.64,North
1090,2024-02-15 09:00:00,1028.0,Apparel,4,48.59,North
1091,2024-02-15 10:00:00,1100.0,electronics,5,59.88,South
1092,2024-02-15 11:00:00,1089.0,Books,3,47.2,North
1093,2024-02-15 12:00:00,1168.0,Electronics,1,11.73,South
1094,2024-02-15 13:00:00,1078.0,Home Goods,7,65.18,South
1095,2024-02-15 14:00:00,1065.0,electronics,5,43.25,North
1096,2024-02-15 15:00:00,1016.0,Apparel,5,60.79,West
1097,2024-02-15 16:00:00,1167.0,Apparel,6,58.8,South
1098,2024-02-15 17:00:00,1151.0,Books,5,29.53,North
1099,2024-02-15 18:00:00,1008.0,Apparel,1,26.7,East
1100,2024-02-15 19:00:00,1086.0,electronics,4,58.11,North
1101,2024-02-15 20:00:00,1095.0,electronics,7,38.94,West
1102,2024-02-15 21:00:00,1093.0,Books,3,4999.99,North
1103,2024-02-15 22:00:00,1183.0,Home Goods,7,41.44,South
1104,2024-02-15 23:00:00,1030.0,Electronics,1,65.47,West
1105,2024-02-16 00:00:00,1061.0,Books,3,53.47,North
1106,2024-02-16 01:00:00,1036.0,Apparel,3,50.76,North
1107,2024-02-16 02:00:00,1048.0,Electronics,5,37.52,East
1108,2024-02-16 03:00:00,1181.0,Apparel,2,49.65,
1109,2024-02-16 04:00:00,1188.0,Apparel,2,68.86,South
1110,2024-02-16 05:00:00,,Apparel,5,43.92,East
1111,2024-02-16 06:00:00,1126.0,Books,2,55.62,North
1112,2024-02-16 07:00:00,1046.0,Home Goods,7,45.93,East
1113,2024-02-16 08:00:00,1038.0,Home Goods,7,47.49,South
1114,2024-02-16 09:00:00,1058.0,Apparel,3,79.47,East
1115,2024-02-16 10:00:00,1038.0,Electronics,4,69.03,North
1116,2024-02-16 11:00:00,1098.0,Electronics,3,46.59,East
1117,2024-02-16 12:00:00,1199.0,Books,3,49.29,North
1118,2024-02-16 13:00:00,1117.0,electronics,5,30.96,East
1119,2024-02-16 14:00:00,1144.0,Home Goods,3,41.54,West
1120,2024-02-16 15:00:00,1098.0,electronics,2,51.19,West
1121,2024-02-16 16:00:00,1002.0,electronics,2,62.01,
1122,2024-02-16 17:00:00,1016.0,Home Goods,7,59.98,South
1123,2024-02-16 18:00:00,1053.0,Books,2,22.81,East
1124,2024-02-16 19:00:00,1048.0,Home Goods,3,64.54,North
1125,2024-02-16 20:00:00,1168.0,Electronics,5,43.22,West
1126,2024-02-16 21:00:00,1168.0,electronics,1,25.26,East
1127,2024-02-16 22:00:00,1170.0,Electronics,2,71.73,South
1128,2024-02-16 23:00:00,1127.0,Books,2,74.27,South
1129,2024-02-17 00:00:00,1111.0,electronics,7,50.27,West
1130,2024-02-17 01:00:00,1129.0,electronics,7,59.18,West
1131,2024-02-17 02:00:00,1081.0,Electronics,6,60.35,West
1132,2024-02-17 03:00:00,1134.0,Home Goods,2,72.92,East
1133,2024-02-17 04:00:00,1158.0,Books,5,59.56,South
1134,2024-02-17 05:00:00,1152.0,Home Goods,5,18.45,West
1135,2024-02-17 06:00:00,1122.0,Apparel,7,85.2,East
1136,2024-02-17 07:00:00,1011.0,Electronics,2,66.31,East
1137,2024-02-17 08:00:00,1144.0,Electronics,6,34.81,East
1138,2024-02-17 09:00:00,1073.0,Apparel,2,24.41,East
1139,2024-02-17 10:00:00,1148.0,Electronics,4,55.1,East
1140,2024-02-17 11:00:00,1107.0,Home Goods,7,39.43,East
1141,2024-02-17 12:00:00,1176.0,electronics,1,51.6,West
1142,2024-02-17 13:00:00,1067.0,Electronics,2,59.87,West
1143,2024-02-17 14:00:00,1186.0,Home Goods,6,33.67,South
1144,2024-02-17 15:00:00,1168.0,Books,1,22.68,North
1145,2024-02-17 16:00:00,1066.0,Electronics,5,52.72,East
1146,2024-02-17 17:00:00,1096.0,Books,4,34.33,East
1147,2024-02-17 18:00:00,1106.0,Home Goods,3,47.92,East
1148,2024-02-17 19:00:00,1153.0,Apparel,7,18.13,West
1149,2024-02-17 20:00:00,1137.0,Electronics,6,39.96,North
1150,2024-02-17 21:00:00,1170.0,Books,3,59.3,South
1151,2024-02-17 22:00:00,1073.0,Electronics,1,57.12,West
1152,2024-02-17 23:00:00,1100.0,Books,1,29.23,West
1153,2024-02-18 00:00:00,1086.0,Apparel,1,21.63,South
1154,2024-02-18 01:00:00,1181.0,electronics,7,45.32,North
1155,2024-02-18 02:00:00,1060.0,Electronics,5,56.22,South
1156,2024-02-18 03:00:00,1117.0,Apparel,5,53.1,South
1157,2024-02-18 04:00:00,1024.0,Electronics,2,34.76,East
1158,2024-02-18 05:00:00,1170.0,Apparel,6,50.96,South
1159,2024-02-18 06:00:00,1076.0,Apparel,6,75.05,South
1160,2024-02-18 07:00:00,1068.0,electronics,6,49.1,East
1161,2024-02-18 08:00:00,1116.0,electronics,4,12.34,East
1162,2024-02-18 09:00:00,1099.0,electronics,5,49.06,East
1163,2024-02-18 10:00:00,1169.0,electronics,4,85.88,South
1164,2024-02-18 11:00:00,1106.0,Electronics,3,19.25,South
1165,2024-02-18 12:00:00,1103.0,electronics,5,45.59,South
1166,2024-02-18 13:00:00,1020.0,Apparel,3,40.47,West
1167,2024-02-18 14:00:00,1004.0,electronics,7,46.92,South
1168,2024-02-18 15:00:00,1079.0,Apparel,6,48.89,East
1169,2024-02-18 16:00:00,1199.0,Books,6,67.8,East
1170,2024-02-18 17:00:00,1183.0,Apparel,6,46.7,West
1171,2024-02-18 18:00:00,1125.0,Home Goods,4,70.55,South
1172,2024-02-18 19:00:00,1126.0,electronics,7,42.65,South
1173,2024-02-18 20:00:00,1078.0,Books,2,38.0,West
1174,2024-02-18 21:00:00,1035.0,electronics,4,31.62,North
1175,2024-02-18 22:00:00,1001.0,Home Goods,1,8.66,East
1176,2024-02-18 23:00:00,1067.0,Home Goods,3,50.52,South
1177,2024-02-19 00:00:00,1063.0,Apparel,5,86.08,
1178,2024-02-19 01:00:00,1038.0,Home Goods,4,54.16,West
1179,2024-02-19 02:00:00,1051.0,Apparel,7,58.73,North
1180,2024-02-19 03:00:00,1004.0,Books,5,36.74,West
1181,2024-02-19 04:00:00,1121.0,electronics,3,40.11,East
1182,2024-02-19 05:00:00,,Books,3,64.69,East
1183,2024-02-19 06:00:00,1138.0,Electronics,5,85.17,North
1184,2024-02-19 07:00:00,1089.0,Books,6,74.76,North
1185,2024-02-19 08:00:00,1084.0,Electronics,2,61.1,East
1186,2024-02-19 09:00:00,1061.0,Books,5,45.7,South
1187,2024-02-19 10:00:00,1028.0,electronics,5,49.19,West
1188,2024-02-19 11:00:00,1119.0,Books,1,29.93,South
1189,2024-02-19 12:00:00,1113.0,Electronics,7,16.04,East
1190,2024-02-19 13:00:00,1001.0,Home Goods,4,22.46,South
1191,2024-02-19 14:00:00,1083.0,Books,2,46.0,East
1192,2024-02-19 15:00:00,1055.0,Electronics,5,39.16,North
1193,2024-02-19 16:00:00,,electronics,5,15.61,South
1194,2024-02-19 17:00:00,1140.0,Electronics,7,44.25,North
1195,2024-02-19 18:00:00,1105.0,electronics,1,38.63,East
1196,2024-02-19 19:00:00,1126.0,electronics,3,21.54,South
1197,2024-02-19 20:00:00,1142.0,Apparel,2,37.6,West
1198,2024-02-19 21:00:00,1196.0,electronics,5,38.58,North
1199,2024-02-19 22:00:00,1160.0,Electronics,4,32.67,East
1200,2024-02-19 23:00:00,1124.0,Electronics,4,63.53,East
1201,2024-02-20 00:00:00,1175.0,Books,7,6.94,North
1202,2024-02-20 01:00:00,1095.0,Books,4,5.28,North
1203,2024-02-20 02:00:00,1196.0,electronics,3,45.07,South
1204,2024-02-20 03:00:00,1152.0,Electronics,1,46.92,East
1205,2024-02-20 04:00:00,1130.0,Electronics,3,53.08,
1206,2024-02-20 05:00:00,1180.0,Books,7,34.22,North
1207,2024-02-20 06:00:00,1103.0,Apparel,4,26.64,East
1208,2024-02-20 07:00:00,1144.0,Apparel,7,44.85,East
1209,2024-02-20 08:00:00,1056.0,electronics,4,36.17,East
1210,2024-02-20 09:00:00,1192.0,Apparel,4,76.02,East
1211,2024-02-20 10:00:00,1124.0,Electronics,-4,38.52,
1212,2024-02-20 11:00:00,1156.0,Apparel,4,43.94,East
1213,2024-02-20 12:00:00,1092.0,Home Goods,1,94.51,West
1214,2024-02-20 13:00:00,1173.0,electronics,1,41.1,South
1215,2024-02-20 14:00:00,1014.0,Apparel,4,56.12,West
1216,2024-02-20 15:00:00,1022.0,Apparel,5,57.93,
1217,2024-02-20 16:00:00,1101.0,Home Goods,4,59.63,West
1218,2024-02-20 17:00:00,1146.0,Electronics,4,50.79,South
1219,2024-02-20 18:00:00,1161.0,Electronics,3,48.88,West
1220,2024-02-20 19:00:00,1088.0,Books,5,47.01,North
1221,2024-02-20 20:00:00,1129.0,electronics,5,33.48,East
1222,2024-02-20 21:00:00,1110.0,electronics,1,51.51,South
1223,2024-02-20 22:00:00,1192.0,Apparel,4,85.57,East
1224,2024-02-20 23:00:00,1130.0,electronics,5,69.21,South
1225,2024-02-21 00:00:00,1083.0,electronics,6,51.08,North
1226,2024-02-21 01:00:00,1193.0,Apparel,3,62.12,North
1227,2024-02-21 02:00:00,,Home Goods,7,27.62,North
1228,2024-02-21 03:00:00,1196.0,Apparel,5,39.79,South
1229,2024-02-21 04:00:00,1030.0,Electronics,4,63.96,West
1230,2024-02-21 05:00:00,1057.0,Home Goods,5,74.74,West
1231,2024-02-21 06:00:00,1164.0,Home Goods,7,29.58,West
1232,2024-02-21 07:00:00,1146.0,Apparel,2,35.33,West
1233,2024-02-21 08:00:00,1194.0,Electronics,2,88.63,South
1234,2024-02-21 09:00:00,1149.0,Electronics,4,46.93,East
1235,2024-02-21 10:00:00,1127.0,Apparel,1,81.47,East
1236,2024-02-21 11:00:00,1069.0,Apparel,6,49.14,North
1237,2024-02-21 12:00:00,1000.0,Books,7,49.92,East
1238,2024-02-21 13:00:00,1024.0,electronics,5,38.89,West
1239,2024-02-21 14:00:00,1059.0,Books,7,63.85,East
1240,2024-02-21 15:00:00,1008.0,electronics,1,72.16,West
1241,2024-02-21 16:00:00,1101.0,Apparel,5,24.3,North
1242,2024-02-21 17:00:00,1155.0,Electronics,4,37.95,West
1243,2024-02-21 18:00:00,1192.0,Books,2,63.3,North
1244,2024-02-21 19:00:00,1097.0,electronics,3,42.41,West
1245,2024-02-21 20:00:00,1175.0,Books,4,35.13,South
1246,2024-02-21 21:00:00,1197.0,electronics,5,65.19,East
1247,2024-02-21 22:00:00,1171.0,Apparel,2,67.07,East
1248,2024-02-21 23:00:00,1092.0,Home Goods,5,36.01,South
1249,2024-02-22 00:00:00,,Electronics,7,49.25,South
1250,2024-02-22 01:00:00,1195.0,Electronics,1,20.83,North
1251,2024-02-22 02:00:00,1048.0,Apparel,7,27.09,East
1252,2024-02-22 03:00:00,1082.0,Electronics,5,47.48,West
1253,2024-02-22 04:00:00,1014.0,electronics,3,45.63,South
1254,2024-02-22 05:00:00,1158.0,Home Goods,6,25.66,East
1255,2024-02-22 06:00:00,1129.0,electronics,5,30.68,West
1256,2024-02-22 07:00:00,1016.0,Electronics,6,23.7,South
1257,2024-02-22 08:00:00,1044.0,Apparel,1,54.1,West
1258,2024-02-22 09:00:00,1111.0,Apparel,1,5.65,South
1259,2024-02-22 10:00:00,1108.0,Apparel,5,24.77,South
1260,2024-02-22 11:00:00,1160.0,Books,3,7.74,North
1261,2024-02-22 12:00:00,1053.0,Electronics,2,53.38,North
1262,2024-02-22 13:00:00,1184.0,Home Goods,3,8.95,East
1263,2024-02-22 14:00:00,1088.0,electronics,6,45.63,West
1264,2024-02-22 15:00:00,1164.0,Books,2,77.79,North
1265,2024-02-22 16:00:00,1047.0,Home Goods,7,78.47,West
1266,2024-02-22 17:00:00,1007.0,Electronics,3,8.88,South
1267,2024-02-22 18:00:00,1011.0,Apparel,2,50.97,South
1268,2024-02-22 19:00:00,1074.0,Electronics,1,25.22,West
1269,2024-02-22 20:00:00,1190.0,electronics,7,21.14,West
1270,2024-02-22 21:00:00,1009.0,Apparel,1,42.73,East
1271,2024-02-22 22:00:00,1073.0,Home Goods,3,69.57,South
1272,2024-02-22 23:00:00,1021.0,Apparel,5,56.99,North
1273,2024-02-23 00:00:00,1186.0,Home Goods,4,30.7,South
1274,2024-02-23 01:00:00,1135.0,Books,2,59.1,West
1275,2024-02-23 02:00:00,1152.0,Home Goods,1,0.13,South
1276,2024-02-23 03:00:00,1142.0,Electronics,5,29.94,East
1277,2024-02-23 04:00:00,1131.0,Electronics,4,28.52,North
1278,2024-02-23 05:00:00,1154.0,Apparel,1,46.57,South
1279,2024-02-23 06:00:00,1001.0,Electronics,2,40.94,South
1280,2024-02-23 07:00:00,1173.0,electronics,4,42.17,East
1281,2024-02-23 08:00:00,1147.0,Electronics,2,41.51,East
1282,2024-02-23 09:00:00,1147.0,electronics,3,45.45,
1283,2024-02-23 10:00:00,1078.0,Home Goods,1,55.8,West
1284,2024-02-23 11:00:00,1160.0,Electronics,6,47.99,East
1285,2024-02-23 12:00:00,1076.0,Home Goods,5,39.31,North
1286,2024-02-23 13:00:00,1009.0,Books,6,53.03,West
1287,2024-02-23 14:00:00,1181.0,Electronics,1,61.52,West
1288,2024-02-23 15:00:00,1046.0,Electronics,3,33.88,West
1289,2024-02-23 16:00:00,1020.0,electronics,2,43.81,South
1290,2024-02-23 17:00:00,1124.0,Books,5,68.24,North
1291,2024-02-23 18:00:00,1046.0,Home Goods,6,22.94,West
1292,2024-02-23 19:00:00,1171.0,Apparel,2,81.09,South
1293,2024-02-23 20:00:00,1088.0,Electronics,6,18.22,South
1294,2024-02-23 21:00:00,1000.0,Apparel,5,38.09,South
1295,2024-02-23 22:00:00,1190.0,Electronics,6,26.0,East
1296,2024-02-23 23:00:00,1102.0,Apparel,1,88.76,South
1297,2024-02-24 00:00:00,1052.0,Electronics,7,34.93,East
1298,2024-02-24 01:00:00,1135.0,Books,4,34.98,East
1299,2024-02-24 02:00:00,1106.0,electronics,2,37.59,East
1300,2024-02-24 03:00:00,1005.0,Electronics,2,46.91,North
1301,2024-02-24 04:00:00,1151.0,electronics,7,38.43,West
1302,2024-02-24 05:00:00,1080.0,Electronics,7,42.34,South
1303,2024-02-24 06:00:00,1139.0,Electronics,1,-25.58,South
1304,2024-02-24 07:00:00,1179.0,Home Goods,4,46.14,South
1305,2024-02-24 08:00:00,1122.0,electronics,6,45.36,South
1306,2024-02-24 09:00:00,1134.0,electronics,5,65.77,East
1307,2024-02-24 10:00:00,1050.0,Books,2,71.18,North
1308,2024-02-24 11:00:00,,Electronics,3,41.25,West
1309,2024-02-24 12:00:00,1083.0,electronics,3,61.32,North
1310,2024-02-24 13:00:00,1170.0,Electronics,3,22.97,
1311,2024-02-24 14:00:00,1104.0,Home Goods,7,60.35,East
1312,2024-02-24 15:00:00,1069.0,electronics,2,33.55,North
1313,2024-02-24 16:00:00,1155.0,Electronics,5,21.31,East
1314,2024-02-24 17:00:00,1170.0,Electronics,7,41.29,South
1315,2024-02-24 18:00:00,1180.0,Books,6,73.01,West
1316,2024-02-24 19:00:00,1059.0,Electronics,6,48.62,West
1317,2024-02-24 20:00:00,1141.0,Apparel,2,74.93,East
1318,2024-02-24 21:00:00,1118.0,Books,1,30.03,South
1319,2024-02-24 22:00:00,1089.0,Home Goods,6,65.96,
1320,2024-02-24 23:00:00,1079.0,electronics,6,31.96,East
1321,2024-02-25 00:00:00,1022.0,Apparel,6,49.51,East
1322,2024-02-25 01:00:00,1054.0,Books,3,49.33,South
1323,2024-02-25 02:00:00,1109.0,Electronics,4,58.23,South
1324,2024-02-25 03:00:00,1177.0,Books,1,50.01,East
1325,2024-02-25 04:00:00,1173.0,Books,3,30.22,East
1326,2024-02-25 05:00:00,,Electronics,4,62.61,West
1327,2024-02-25 06:00:00,,Electronics,1,79.63,East
1328,2024-02-25 07:00:00,1016.0,Apparel,1,33.32,East
1329,2024-02-25 08:00:00,1135.0,Electronics,1,8.3,South
1330,2024-02-25 09:00:00,1068.0,Apparel,2,54.99,West
1331,2024-02-25 10:00:00,1089.0,Electronics,7,38.38,South
1332,2024-02-25 11:00:00,1143.0,Apparel,5,42.38,West
1333,2024-02-25 12:00:00,1084.0,electronics,7,56.12,South
1334,2024-02-25 13:00:00,1161.0,Electronics,2,35.87,East
1335,2024-02-25 14:00:00,1106.0,Electronics,5,39.62,West
1336,2024-02-25 15:00:00,1199.0,Electronics,7,43.0,West
1337,2024-02-25 16:00:00,1127.0,Home Goods,3,74.4,South
1338,2024-02-25 17:00:00,1059.0,Electronics,5,45.6,East
1339,2024-02-25 18:00:00,1155.0,Books,5,20.29,North
1340,2024-02-25 19:00:00,1081.0,Apparel,6,21.08,North
1341,2024-02-25 20:00:00,1106.0,electronics,7,47.78,West
1342,2024-02-25 21:00:00,1027.0,Books,5,22.41,West
1343,2024-02-25 22:00:00,1023.0,Apparel,5,13.75,North
1344,2024-02-25 23:00:00,1114.0,Apparel,7,57.71,West
1345,2024-02-26 00:00:00,1037.0,Electronics,5,58.69,South
1346,2024-02-26 01:00:00,1199.0,Apparel,3,37.64,West
1347,2024-02-26 02:00:00,1171.0,Home Goods,5,50.87,West
1348,2024-02-26 03:00:00,1140.0,Books,4,48.76,West
1349,2024-02-26 04:00:00,1146.0,Home Goods,2,57.05,West
1350,2024-02-26 05:00:00,1119.0,Apparel,4,57.09,
1351,2024-02-26 06:00:00,1012.0,electronics,5,-7.12,East
1352,2024-02-26 07:00:00,1078.0,Electronics,7,40.19,North
1353,2024-02-26 08:00:00,1099.0,Electronics,5,55.36,South
1354,2024-02-26 09:00:00,1183.0,Books,2,36.79,West
1355,2024-02-26 10:00:00,1043.0,Apparel,7,45.72,North
1356,2024-02-26 11:00:00,1099.0,electronics,5,60.01,West
1357,2024-02-26 12:00:00,1068.0,Apparel,3,46.62,North
1358,2024-02-26 13:00:00,1026.0,Electronics,6,75.16,West
1359,2024-02-26 14:00:00,1020.0,Electronics,3,67.54,East
1360,2024-02-26 15:00:00,1073.0,Home Goods,3,42.63,West
1361,2024-02-26 16:00:00,1016.0,Apparel,6,41.04,West
1362,2024-02-26 17:00:00,1013.0,Books,7,-12.01,South
1363,2024-02-26 18:00:00,1070.0,Apparel,4,38.47,East
1364,2024-02-26 19:00:00,1040.0,electronics,3,17.93,North
1365,2024-02-26 20:00:00,1110.0,Books,7,49.42,West
1366,2024-02-26 21:00:00,1003.0,Home Goods,2,48.06,West
1367,2024-02-26 22:00:00,1060.0,Books,6,58.92,South
1368,2024-02-26 23:00:00,1090.0,Electronics,5,72.93,North
1369,2024-02-27 00:00:00,1192.0,Electronics,6,44.47,South
1370,2024-02-27 01:00:00,1126.0,Electronics,3,90.61,North
1371,2024-02-27 02:00:00,1176.0,Books,6,49.65,West
1372,2024-02-27 03:00:00,1068.0,Electronics,1,18.8,South
1373,2024-02-27 04:00:00,1089.0,Books,-6,33.76,West
1374,2024-02-27 05:00:00,1084.0,Apparel,1,37.55,
1375,2024-02-27 06:00:00,1177.0,Electronics,5,56.84,West
1376,2024-02-27 07:00:00,1191.0,Books,2,26.06,East
1377,2024-02-27 08:00:00,1192.0,Electronics,7,39.04,South
1378,2024-02-27 09:00:00,,Electronics,6,41.78,West
1379,2024-02-27 10:00:00,1100.0,Home Goods,1,36.04,East
1380,2024-02-27 11:00:00,1108.0,electronics,7,61.23,
1381,2024-02-27 12:00:00,1196.0,electronics,2,57.83,South
1382,2024-02-27 13:00:00,1056.0,Electronics,4,68.33,North
1383,2024-02-27 14:00:00,1069.0,Apparel,1,38.38,
1384,2024-02-27 15:00:00,1179.0,Electronics,1,69.05,West
1385,2024-02-27 16:00:00,1077.0,electronics,2,17.72,North
1386,2024-02-27 17:00:00,,Home Goods,4,17.23,West
1387,2024-02-27 18:00:00,1112.0,Home Goods,4,20.72,North
1388,2024-02-27 19:00:00,1065.0,Apparel,6,45.18,East
1389,2024-02-27 20:00:00,,electronics,2,69.05,South
1390,2024-02-27 21:00:00,1181.0,Apparel,6,32.96,South
1391,2024-02-27 22:00:00,1061.0,Apparel,1,35.47,South
1392,2024-02-27 23:00:00,1105.0,electronics,3,40.68,South
1393,2024-02-28 00:00:00,1196.0,electronics,2,56.46,South
1394,2024-02-28 01:00:00,1148.0,Home Goods,1,35.45,South
1395,2024-02-28 02:00:00,1043.0,Home Goods,5,34.33,South
1396,2024-02-28 03:00:00,1118.0,Electronics,7,18.09,East
1397,2024-02-28 04:00:00,1123.0,Home Goods,5,33.57,East
1398,2024-02-28 05:00:00,1130.0,Electronics,6,68.55,East
1399,2024-02-28 06:00:00,1005.0,Home Goods,5,46.82,South
1400,2024-02-28 07:00:00,1059.0,Books,1,30.2,North
1401,2024-02-28 08:00:00,1170.0,Home Goods,3,69.72,West
1402,2024-02-28 09:00:00,1048.0,Apparel,6,33.3,West
1403,2024-02-28 10:00:00,1059.0,electronics,1,73.4,
1404,2024-02-28 11:00:00,1064.0,Books,1,73.07,West
1405,2024-02-28 12:00:00,1035.0,Books,6,46.12,East
1406,2024-02-28 13:00:00,1031.0,Books,1,15.03,West
1407,2024-02-28 14:00:00,1069.0,Apparel,7,90.79,South
1408,2024-02-28 15:00:00,1174.0,Apparel,6,52.75,West
1409,2024-02-28 16:00:00,1000.0,Home Goods,5,38.52,West
1410,2024-02-28 17:00:00,1056.0,Books,4,64.12,West
1411,2024-02-28 18:00:00,1012.0,Books,1,59.05,South
1412,2024-02-28 19:00:00,1112.0,Home Goods,3,71.22,South
1413,2024-02-28 20:00:00,1050.0,Electronics,6,31.75,South
1414,2024-02-28 21:00:00,1158.0,Electronics,7,51.37,South
1415,2024-02-28 22:00:00,1117.0,electronics,4,21.28,West
1416,2024-02-28 23:00:00,1156.0,Electronics,6,58.33,East
1417,2024-02-29 00:00:00,1126.0,electronics,6,44.54,South
1418,2024-02-29 01:00:00,1087.0,Electronics,1,50.62,East
1419,2024-02-29 02:00:00,1172.0,Books,5,42.07,South
1420,2024-02-29 03:00:00,1095.0,Electronics,5,39.98,East
1421,2024-02-29 04:00:00,1189.0,Apparel,4,27.64,South
1422,2024-02-29 05:00:00,1198.0,electronics,6,60.81,East
1423,2024-02-29 06:00:00,1117.0,Electronics,7,74.79,West
1424,2024-02-29 07:00:00,1134.0,Apparel,4,33.87,West
1425,2024-02-29 08:00:00,1051.0,Books,3,56.07,West
1426,2024-02-29 09:00:00,1162.0,Apparel,7,53.64,South
1427,2024-02-29 10:00:00,1134.0,Books,7,45.16,East
1428,2024-02-29 11:00:00,,Home Goods,5,14.47,North
1429,2024-02-29 12:00:00,1053.0,Apparel,5,18.97,South
1430,2024-02-29 13:00:00,1157.0,Electronics,1,29.38,East
1431,2024-02-29 14:00:00,1094.0,Books,3,2.22,East
1432,2024-02-29 15:00:00,1037.0,Apparel,2,73.16,West
1433,2024-02-29 16:00:00,1034.0,electronics,4,52.35,South
1434,2024-02-29 17:00:00,1112.0,electronics,6,44.4,West
1435,2024-02-29 18:00:00,1063.0,Apparel,2,1.2,South
1436,2024-02-29 19:00:00,1020.0,Electronics,7,8.52,East
1437,2024-02-29 20:00:00,1085.0,Books,1,44.95,West
1438,2024-02-29 21:00:00,1130.0,electronics,1,84.41,West
1439,2024-02-29 22:00:00,1063.0,Electronics,7,31.03,West
1440,2024-02-29 23:00:00,1191.0,electronics,1,62.28,West
1441,2024-03-01 00:00:00,1155.0,Books,6,35.4,South
1442,2024-03-01 01:00:00,1102.0,electronics,6,46.1,
1443,2024-03-01 02:00:00,1186.0,Home Goods,3,69.29,West
1444,2024-03-01 03:00:00,1086.0,Books,1,38.08,South
1445,2024-03-01 04:00:00,1027.0,Electronics,3,31.2,North
1446,2024-03-01 05:00:00,1007.0,Apparel,1,73.36,South
1447,2024-03-01 06:00:00,1187.0,electronics,5,45.91,West
1448,2024-03-01 07:00:00,1191.0,Apparel,7,66.82,West
1449,2024-03-01 08:00:00,1147.0,Electronics,7,31.3,West
1450,2024-03-01 09:00:00,1020.0,Electronics,6,73.13,South
1451,2024-03-01 10:00:00,1058.0,Apparel,6,50.47,North
1452,2024-03-01 11:00:00,1008.0,Books,7,53.7,East
1453,2024-03-01 12:00:00,1010.0,Books,6,47.63,South
1454,2024-03-01 13:00:00,1049.0,Apparel,5,34.89,North
1455,2024-03-01 14:00:00,1114.0,Home Goods,7,44.97,North
1456,2024-03-01 15:00:00,1013.0,Electronics,3,36.15,North
1457,2024-03-01 16:00:00,1196.0,electronics,3,64.19,North
1458,2024-03-01 17:00:00,1091.0,Apparel,7,40.94,West
1459,2024-03-01 18:00:00,1052.0,electronics,3,15.07,South
1460,2024-03-01 19:00:00,1103.0,Home Goods,3,11.41,South
1461,2024-03-01 20:00:00,1158.0,Electronics,2,10.47,East
1462,2024-03-01 21:00:00,1062.0,Home Goods,2,57.36,
1463,2024-03-01 22:00:00,1009.0,electronics,5,21.97,West
1464,2024-03-01 23:00:00,1010.0,Electronics,7,51.0,East
1465,2024-03-02 00:00:00,1170.0,Electronics,1,47.73,West
1466,2024-03-02 01:00:00,1022.0,Home Goods,5,43.71,East
1467,2024-03-02 02:00:00,1127.0,electronics,6,53.77,East
1468,2024-03-02 03:00:00,1076.0,Electronics,7,48.17,East
1469,2024-03-02 04:00:00,1155.0,Home Goods,6,-9.19,East
1470,2024-03-02 05:00:00,1012.0,Electronics,2,38.53,South
1471,2024-03-02 06:00:00,1179.0,Electronics,4,53.5,South
1472,2024-03-02 07:00:00,1139.0,Electronics,7,77.81,South
1473,2024-03-02 08:00:00,1089.0,Home Goods,7,78.73,South
1474,2024-03-02 09:00:00,1041.0,Books,5,17.74,South
1475,2024-03-02 10:00:00,1195.0,electronics,7,38.01,East
1476,2024-03-02 11:00:00,1060.0,electronics,5,13.68,East
1477,2024-03-02 12:00:00,1098.0,electronics,1,75.4,North
1478,2024-03-02 13:00:00,1078.0,electronics,7,65.26,South
1479,2024-03-02 14:00:00,1046.0,Apparel,2,52.01,South
1480,2024-03-02 15:00:00,1083.0,electronics,3,48.32,East
1481,2024-03-02 16:00:00,1030.0,Apparel,2,72.61,South
1482,2024-03-02 17:00:00,1000.0,Books,6,69.23,North
1483,2024-03-02 18:00:00,1057.0,Books,1,68.16,North
1484,2024-03-02 19:00:00,1022.0,Home Goods,5,54.13,East
1485,2024-03-02 20:00:00,1082.0,Apparel,7,38.02,North
1486,2024-03-02 21:00:00,1172.0,Books,6,60.34,East
1487,2024-03-02 22:00:00,1032.0,Apparel,3,61.32,East
1488,2024-03-02 23:00:00,1000.0,electronics,7,41.19,West
1489,2024-03-03 00:00:00,1022.0,Electronics,3,37.98,East
1490,2024-03-03 01:00:00,1101.0,Electronics,5,67.67,North
1491,2024-03-03 02:00:00,1054.0,Books,4,78.28,South
1492,2024-03-03 03:00:00,1097.0,Home Goods,1,30.01,West
1493,2024-03-03 04:00:00,1005.0,electronics,1,39.73,South
1494,2024-03-03 05:00:00,1066.0,electronics,2,52.02,West
1495,2024-03-03 06:00:00,1082.0,electronics,7,54.73,East
1496,2024-03-03 07:00:00,1086.0,Books,7,34.55,North
1497,2024-03-03 08:00:00,1110.0,Apparel,3,82.67,South
1498,2024-03-03 09:00:00,1156.0,Books,7,4999.99,West
1499,2024-03-03 10:00:00,1093.0,electronics,1,55.63,
1500,2024-03-03 11:00:00,1168.0,Home Goods,7,80.18,West
1501,2024-03-03 12:00:00,1105.0,Electronics,2,36.02,South
1502,2024-03-03 13:00:00,1052.0,Books,1,43.23,West
1503,2024-03-03 14:00:00,1045.0,Home Goods,6,19.93,North
1504,2024-03-03 15:00:00,1064.0,Home Goods,3,41.55,South
1505,2024-03-03 16:00:00,1119.0,Home Goods,3,15.22,East
1506,2024-03-03 17:00:00,1048.0,electronics,6,59.96,
1507,2024-03-03 18:00:00,1182.0,Books,3,53.4,South
1508,2024-03-03 19:00:00,1095.0,Home Goods,6,39.46,East
1509,2024-03-03 20:00:00,1172.0,Apparel,2,42.99,North
1510,2024-03-03 21:00:00,1136.0,Electronics,1,60.23,South
1511,2024-03-03 22:00:00,1066.0,electronics,3,22.28,North
1512,2024-03-03 23:00:00,1045.0,Books,5,49.08,West
1513,2024-03-04 00:00:00,1148.0,Electronics,2,58.99,North
1514,2024-03-04 01:00:00,1066.0,Electronics,2,9.35,East
1515,2024-03-04 02:00:00,1049.0,Books,6,58.7,South
1516,2024-03-04 03:00:00,1186.0,electronics,4,11.52,South
1517,2024-03-04 04:00:00,1096.0,electronics,4,42.65,South
1518,2024-03-04 05:00:00,1009.0,Home Goods,2,21.73,South
1519,2024-03-04 06:00:00,1098.0,Electronics,1,73.62,East
1520,2024-03-04 07:00:00,1092.0,Electronics,1,21.86,East
1521,2024-03-04 08:00:00,1172.0,Electronics,5,12.0,West
1522,2024-03-04 09:00:00,1142.0,Electronics,1,47.67,South
1523,2024-03-04 10:00:00,1038.0,Electronics,2,36.73,East
1524,2024-03-04 11:00:00,1030.0,Apparel,7,14.91,West
1525,2024-03-04 12:00:00,1120.0,electronics,3,55.52,South
1526,2024-03-04 13:00:00,1009.0,Electronics,6,5.17,West
1527,2024-03-04 14:00:00,1063.0,Electronics,3,24.28,West
1528,2024-03-04 15:00:00,1027.0,Home Goods,7,33.5,West
1529,2024-03-04 16:00:00,1004.0,Books,6,61.04,East
1530,2024-03-04 17:00:00,1183.0,electronics,4,70.91,West
1531,2024-03-04 18:00:00,1017.0,Electronics,5,67.06,East
1532,2024-03-04 19:00:00,1001.0,electronics,3,41.93,East
1533,2024-03-04 20:00:00,1186.0,Home Goods,7,-3.55,
1534,2024-03-04 21:00:00,1037.0,Electronics,3,52.82,South
1535,2024-03-04 22:00:00,1163.0,Books,6,74.41,West
1536,2024-03-04 23:00:00,1006.0,Apparel,5,69.68,East
1537,2024-03-05 00:00:00,1030.0,electronics,5,54.26,North
1538,2024-03-05 01:00:00,1022.0,Books,3,21.21,East
1539,2024-03-05 02:00:00,1141.0,electronics,6,34.49,West
1540,2024-03-05 03:00:00,1124.0,Electronics,6,83.68,East
1541,2024-03-05 04:00:00,1095.0,Books,6,16.67,West
1542,2024-03-05 05:00:00,1048.0,Books,6,22.04,South
1543,2024-03-05 06:00:00,1017.0,electronics,2,63.85,West
1544,2024-03-05 07:00:00,1113.0,Home Goods,7,36.38,East
1545,2024-03-05 08:00:00,1046.0,Electronics,6,21.36,West
1546,2024-03-05 09:00:00,1118.0,Apparel,2,75.56,South
1547,2024-03-05 10:00:00,1137.0,Apparel,7,54.22,South
1548,2024-03-05 11:00:00,,Apparel,4,37.36,West
1549,2024-03-05 12:00:00,1098.0,Home Goods,3,22.08,North
1550,2024-03-05 13:00:00,1000.0,Apparel,2,85.95,South
1551,2024-03-05 14:00:00,1056.0,Home Goods,3,44.51,West
1552,2024-03-05 15:00:00,1170.0,Books,1,72.95,West
1553,2024-03-05 16:00:00,1106.0,Electronics,5,62.87,West
1554,2024-03-05 17:00:00,1123.0,Home Goods,5,34.58,West
1555,2024-03-05 18:00:00,1091.0,Home Goods,5,34.74,West
1556,2024-03-05 19:00:00,1032.0,Home Goods,4,73.93,East
1557,2024-03-05 20:00:00,1179.0,Electronics,3,74.25,East
1558,2024-03-05 21:00:00,1154.0,electronics,6,7.46,West
1559,2024-03-05 22:00:00,1199.0,Books,7,56.0,East
1560,2024-03-05 23:00:00,1171.0,Electronics,1,42.58,North
1561,2024-03-06 00:00:00,1058.0,Apparel,3,24.33,South
1562,2024-03-06 01:00:00,1050.0,Apparel,7,50.23,East
1563,2024-03-06 02:00:00,1049.0,Home Goods,7,18.01,West
1564,2024-03-06 03:00:00,1183.0,Electronics,7,35.67,East
1565,2024-03-06 04:00:00,1111.0,Electronics,2,29.03,West
1566,2024-03-06 05:00:00,1090.0,electronics,4,35.0,West
1567,2024-03-06 06:00:00,1193.0,Electronics,1,43.57,South
1568,2024-03-06 07:00:00,1120.0,Electronics,7,24.69,East
1569,2024-03-06 08:00:00,1181.0,Electronics,4,76.46,East
1570,2024-03-06 09:00:00,1196.0,Electronics,2,54.87,North
1571,2024-03-06 10:00:00,1015.0,Books,1,80.89,East
1572,2024-03-06 11:00:00,1072.0,Apparel,6,41.8,East
1573,2024-03-06 12:00:00,1146.0,Electronics,6,34.02,West
1574,2024-03-06 13:00:00,1162.0,Apparel,7,80.17,South
1575,2024-03-06 14:00:00,1029.0,Electronics,7,33.44,North
1576,2024-03-06 15:00:00,1063.0,Home Goods,6,41.43,East
1577,2024-03-06 16:00:00,1109.0,Electronics,6,59.4,West
1578,2024-03-06 17:00:00,1159.0,Electronics,6,20.25,East
1579,2024-03-06 18:00:00,1022.0,Electronics,7,59.23,South
1580,2024-03-06 19:00:00,1120.0,Home Goods,4,56.67,West
1581,2024-03-06 20:00:00,1059.0,Home Goods,6,70.39,North
1582,2024-03-06 21:00:00,1043.0,electronics,6,62.8,South
1583,2024-03-06 22:00:00,1103.0,Apparel,1,71.0,South
1584,2024-03-06 23:00:00,1082.0,Apparel,5,42.79,West
1585,2024-03-07 00:00:00,,Apparel,3,27.75,West
1586,2024-03-07 01:00:00,1063.0,Home Goods,1,87.2,North
1587,2024-03-07 02:00:00,1164.0,Home Goods,2,14.47,West
1588,2024-03-07 03:00:00,1015.0,Home Goods,1,16.47,West
1589,2024-03-07 04:00:00,1172.0,electronics,7,56.3,West
1590,2024-03-07 05:00:00,1005.0,Home Goods,6,77.5,West
1591,2024-03-07 06:00:00,1147.0,Electronics,1,48.79,West
1592,2024-03-07 07:00:00,1069.0,Books,5,64.99,North
1593,2024-03-07 08:00:00,1076.0,electronics,5,5.08,South
1594,2024-03-07 09:00:00,1003.0,Apparel,4,35.01,West
1595,2024-03-07 10:00:00,1140.0,Books,5,7.52,East
1596,2024-03-07 11:00:00,1033.0,Home Goods,7,60.61,East
1597,2024-03-07 12:00:00,1131.0,Books,4,14.06,West
1598,2024-03-07 13:00:00,1145.0,Home Goods,5,19.44,West
1599,2024-03-07 14:00:00,1169.0,Electronics,4,55.28,West
1600,2024-03-07 15:00:00,1141.0,Electronics,3,66.24,West
1601,2024-03-07 16:00:00,1060.0,Electronics,7,41.82,North
1602,2024-03-07 17:00:00,1147.0,Books,3,56.4,West
1603,2024-03-07 18:00:00,1165.0,Home Goods,6,55.76,
1604,2024-03-07 19:00:00,1063.0,electronics,5,40.69,North
1605,2024-03-07 20:00:00,1024.0,Home Goods,5,23.11,North
1606,2024-03-07 21:00:00,1178.0,electronics,6,56.3,West
1607,2024-03-07 22:00:00,1029.0,Books,6,57.26,East
1608,2024-03-07 23:00:00,1118.0,Books,4,62.88,North
1609,2024-03-08 00:00:00,1047.0,Electronics,5,51.24,South
1610,2024-03-08 01:00:00,1025.0,Apparel,4,21.63,South
1611,2024-03-08 02:00:00,1155.0,electronics,3,58.81,South
1612,2024-03-08 03:00:00,1028.0,Electronics,6,44.97,West
1613,2024-03-08 04:00:00,1134.0,Books,7,35.35,East
1614,2024-03-08 05:00:00,1138.0,Electronics,5,39.11,West
1615,2024-03-08 06:00:00,1012.0,electronics,6,31.19,North
1616,2024-03-08 07:00:00,1034.0,Electronics,6,62.78,South
1617,2024-03-08 08:00:00,1158.0,Home Goods,3,16.64,South
1618,2024-03-08 09:00:00,1101.0,Home Goods,1,25.13,West
1619,2024-03-08 10:00:00,1024.0,electronics,3,38.42,West
1620,2024-03-08 11:00:00,1198.0,Electronics,6,77.28,South
1621,2024-03-08 12:00:00,1052.0,Electronics,6,66.09,
1622,2024-03-08 13:00:00,1000.0,Books,4,12.18,North
1623,2024-03-08 14:00:00,1184.0,Books,6,72.03,South
1624,2024-03-08 15:00:00,1003.0,Books,1,71.99,West
1625,2024-03-08 16:00:00,1110.0,Home Goods,5,21.52,South
1626,2024-03-08 17:00:00,1198.0,Home Goods,5,-5.43,West
1627,2024-03-08 18:00:00,1115.0,Apparel,4,43.56,North
1628,2024-03-08 19:00:00,1116.0,Apparel,6,67.45,West
1629,2024-03-08 20:00:00,1077.0,Home Goods,4,76.83,North
1630,2024-03-08 21:00:00,1025.0,electronics,4,27.58,North
1631,2024-03-08 22:00:00,1114.0,Home Goods,5,80.04,South
1632,2024-03-08 23:00:00,1179.0,Electronics,6,0.44,West
1633,2024-03-09 00:00:00,1018.0,Electronics,2,37.64,East
1634,2024-03-09 01:00:00,1176.0,Apparel,3,36.66,East
1635,2024-03-09 02:00:00,1083.0,Books,3,68.05,North
1636,2024-03-09 03:00:00,1107.0,Electronics,2,70.97,North
1637,2024-03-09 04:00:00,1033.0,Electronics,3,64.08,North
1638,2024-03-09 05:00:00,1124.0,Electronics,3,17.99,West
1639,2024-03-09 06:00:00,1036.0,Apparel,3,62.25,North
1640,2024-03-09 07:00:00,1054.0,electronics,3,55.18,South
1641,2024-03-09 08:00:00,1144.0,electronics,4,11.58,East
1642,2024-03-09 09:00:00,,Electronics,5,3.66,East
1643,2024-03-09 10:00:00,1089.0,Books,3,65.76,South
1644,2024-03-09 11:00:00,1118.0,Home Goods,6,41.4,North
1645,2024-03-09 12:00:00,1026.0,Apparel,4,19.3,South
1646,2024-03-09 13:00:00,1058.0,Apparel,6,40.84,West
1647,2024-03-09 14:00:00,1068.0,Electronics,-1,52.28,North
1648,2024-03-09 15:00:00,1132.0,Books,2,43.34,East
1649,2024-03-09 16:00:00,1195.0,Home Goods,4,13.96,North
1650,2024-03-09 17:00:00,1167.0,Apparel,3,82.71,West
1651,2024-03-09 18:00:00,1037.0,electronics,4,65.08,West
1652,2024-03-09 19:00:00,1003.0,Books,2,38.29,North
1653,2024-03-09 20:00:00,1010.0,Books,4,39.1,South
1654,2024-03-09 21:00:00,1119.0,Home Goods,5,52.19,South
1655,2024-03-09 22:00:00,1031.0,Electronics,6,22.41,West
1656,2024-03-09 23:00:00,1046.0,Books,2,51.45,East
1657,2024-03-10 00:00:00,1169.0,Books,3,18.39,East
1658,2024-03-10 01:00:00,1174.0,Home Goods,4,43.59,North
1659,2024-03-10 02:00:00,1167.0,Home Goods,4,21.63,North
1660,2024-03-10 03:00:00,1050.0,electronics,6,22.64,East
1661,2024-03-10 04:00:00,1123.0,Electronics,3,77.91,East
1662,2024-03-10 05:00:00,1122.0,Books,5,46.18,West
1663,2024-03-10 06:00:00,1037.0,Home Goods,7,49.15,West
1664,2024-03-10 07:00:00,1110.0,electronics,3,4.77,East
1665,2024-03-10 08:00:00,1105.0,Apparel,6,33.06,East
1666,2024-03-10 09:00:00,1079.0,Electronics,3,54.22,West
1667,2024-03-10 10:00:00,1150.0,Electronics,3,48.88,West
1668,2024-03-10 11:00:00,1135.0,electronics,5,1.92,West
1669,2024-03-10 12:00:00,1106.0,Home Goods,5,49.14,
1670,2024-03-10 13:00:00,1145.0,electronics,4,52.33,South
1671,2024-03-10 14:00:00,1152.0,Electronics,2,70.68,East
1672,2024-03-10 15:00:00,1113.0,electronics,1,31.9,East
1673,2024-03-10 16:00:00,1053.0,electronics,7,0.16,North
1674,2024-03-10 17:00:00,1151.0,Home Goods,7,25.06,East
1675,2024-03-10 18:00:00,1143.0,Home Goods,7,23.06,South
1676,2024-03-10 19:00:00,1196.0,Books,4,59.73,South
1677,2024-03-10 20:00:00,1029.0,Books,7,-9.33,North
1678,2024-03-10 21:00:00,1083.0,electronics,4,36.03,West
1679,2024-03-10 22:00:00,1184.0,Books,1,73.52,East
1680,2024-03-10 23:00:00,1102.0,Home Goods,2,45.14,East
1681,2024-03-11 00:00:00,1188.0,Electronics,2,62.93,North
1682,2024-03-11 01:00:00,1002.0,electronics,3,12.16,East
1683,2024-03-11 02:00:00,1007.0,Apparel,7,12.96,North
1684,2024-03-11 03:00:00,1159.0,Books,3,73.74,South
1685,2024-03-11 04:00:00,1071.0,electronics,5,47.02,South
1686,2024-03-11 05:00:00,1104.0,Electronics,2,47.07,West
1687,2024-03-11 06:00:00,1085.0,Electronics,5,22.64,South
1688,2024-03-11 07:00:00,1081.0,Electronics,4,47.02,East
1689,2024-03-11 08:00:00,1187.0,Apparel,2,22.08,West
1690,2024-03-11 09:00:00,1018.0,Home Goods,4,68.74,South
1691,2024-03-11 10:00:00,1154.0,Home Goods,1,99.56,West
1692,2024-03-11 11:00:00,1177.0,Apparel,7,54.68,North
1693,2024-03-11 12:00:00,1131.0,Books,5,32.3,South
1694,2024-03-11 13:00:00,,Apparel,7,-5.67,North
1695,2024-03-11 14:00:00,1032.0,Electronics,7,11.31,East
1696,2024-03-11 15:00:00,1136.0,Home Goods,2,76.1,West
1697,2024-03-11 16:00:00,1093.0,Books,-5,24.42,East
1698,2024-03-11 17:00:00,1029.0,Apparel,1,37.58,East
1699,2024-03-11 18:00:00,1071.0,electronics,7,58.11,South
1700,2024-03-11 19:00:00,1192.0,electronics,6,74.65,West
1701,2024-03-11 20:00:00,1053.0,Books,5,41.01,South
1702,2024-03-11 21:00:00,,Electronics,7,36.91,South
1703,2024-03-11 22:00:00,1136.0,Home Goods,6,46.43,
1704,2024-03-11 23:00:00,1039.0,Electronics,7,32.45,South
1705,2024-03-12 00:00:00,1183.0,Books,1,33.52,South
1706,2024-03-12 01:00:00,1171.0,Electronics,1,53.24,North
1707,2024-03-12 02:00:00,1196.0,Electronics,7,48.71,North
1708,2024-03-12 03:00:00,1182.0,electronics,2,87.63,West
1709,2024-03-12 04:00:00,1048.0,electronics,3,53.78,East
1710,2024-03-12 05:00:00,1042.0,Home Goods,1,68.02,West
1711,2024-03-12 06:00:00,1068.0,electronics,5,23.57,North
1712,2024-03-12 07:00:00,1093.0,electronics,6,55.5,East
1713,2024-03-12 08:00:00,1175.0,Home Goods,6,30.54,East
1714,2024-03-12 09:00:00,1146.0,Home Goods,5,52.91,East
1715,2024-03-12 10:00:00,1128.0,Books,5,58.77,East
1716,2024-03-12 11:00:00,1175.0,Home Goods,4,46.0,East
1717,2024-03-12 12:00:00,1129.0,Home Goods,4,93.15,East
1718,2024-03-12 13:00:00,1075.0,Apparel,4,73.56,West
1719,2024-03-12 14:00:00,1082.0,Electronics,7,68.54,South
1720,2024-03-12 15:00:00,1103.0,Apparel,2,60.29,South
1721,2024-03-12 16:00:00,1017.0,Books,4,80.27,East
1722,2024-03-12 17:00:00,1148.0,electronics,5,16.26,South
1723,2024-03-12 18:00:00,1130.0,Electronics,4,72.41,North
1724,2024-03-12 19:00:00,1146.0,electronics,1,25.18,
1725,2024-03-12 20:00:00,1106.0,electronics,3,33.71,North
1726,2024-03-12 21:00:00,1156.0,Home Goods,5,56.23,North
1727,2024-03-12 22:00:00,1189.0,Books,5,69.66,East
1728,2024-03-12 23:00:00,1113.0,Home Goods,6,21.93,North
1729,2024-03-13 00:00:00,1088.0,Electronics,7,34.75,North
1730,2024-03-13 01:00:00,1020.0,electronics,5,46.95,North
1731,2024-03-13 02:00:00,1155.0,Apparel,5,41.27,North
1732,2024-03-13 03:00:00,1180.0,electronics,3,62.08,South
1733,2024-03-13 04:00:00,1139.0,Home Goods,3,113.72,West
1734,2024-03-13 05:00:00,1173.0,Apparel,6,53.39,South
1735,2024-03-13 06:00:00,,electronics,4,30.3,South
1736,2024-03-13 07:00:00,1159.0,Apparel,6,19.07,East
1737,2024-03-13 08:00:00,1100.0,electronics,1,38.49,South
1738,2024-03-13 09:00:00,1019.0,Electronics,1,26.2,South
1739,2024-03-13 10:00:00,1000.0,electronics,2,54.35,South
1740,2024-03-13 11:00:00,1040.0,Home Goods,2,54.04,South
1741,2024-03-13 12:00:00,1086.0,Electronics,5,35.74,South
1742,2024-03-13 13:00:00,1148.0,Books,5,84.7,North
1743,2024-03-13 14:00:00,1091.0,Home Goods,4,30.29,West
1744,2024-03-13 15:00:00,1004.0,Electronics,3,42.61,
1745,2024-03-13 16:00:00,1042.0,Books,5,57.78,West
1746,2024-03-13 17:00:00,1195.0,Books,1,62.84,North
1747,2024-03-13 18:00:00,1197.0,Electronics,4,70.55,West
1748,2024-03-13 19:00:00,1075.0,Electronics,2,53.57,East
1749,2024-03-13 20:00:00,1160.0,electronics,1,66.02,North
1750,2024-03-13 21:00:00,1143.0,Home Goods,2,31.7,West
1751,2024-03-13 22:00:00,1186.0,Apparel,1,63.36,West
1752,2024-03-13 23:00:00,1177.0,Home Goods,4,63.09,North
1753,2024-03-14 00:00:00,1125.0,Apparel,4,75.26,
1754,2024-03-14 01:00:00,,Electronics,5,11.63,North
1755,2024-03-14 02:00:00,1125.0,Apparel,4,26.86,South
1756,2024-03-14 03:00:00,1063.0,Books,2,61.46,North
1757,2024-03-14 04:00:00,1069.0,Home Goods,1,-8.03,North
1758,2024-03-14 05:00:00,1121.0,Home Goods,5,54.84,
1759,2024-03-14 06:00:00,1114.0,electronics,7,66.2,East
1760,2024-03-14 07:00:00,1116.0,Books,2,33.47,South
1761,2024-03-14 08:00:00,1076.0,Electronics,2,36.4,West
1762,2024-03-14 09:00:00,1081.0,electronics,3,23.52,West
1763,2024-03-14 10:00:00,1002.0,Electronics,2,34.57,West
1764,2024-03-14 11:00:00,1120.0,Books,2,35.15,West
1765,2024-03-14 12:00:00,1115.0,Home Goods,4,31.34,West
1766,2024-03-14 13:00:00,1187.0,Books,6,30.25,East
1767,2024-03-14 14:00:00,1100.0,Apparel,5,39.58,South
1768,2024-03-14 15:00:00,1093.0,Home Goods,7,39.34,West
1769,2024-03-14 16:00:00,1013.0,Home Goods,3,82.48,North
1770,2024-03-14 17:00:00,,electronics,4,37.12,North
1771,2024-03-14 18:00:00,1067.0,Home Goods,3,51.88,South
1772,2024-03-14 19:00:00,1075.0,Apparel,1,33.46,South
1773,2024-03-14 20:00:00,1072.0,Books,3,33.21,East
1774,2024-03-14 21:00:00,1078.0,Home Goods,2,10.91,West
1775,2024-03-14 22:00:00,1153.0,Books,4,13.57,East
1776,2024-03-14 23:00:00,1026.0,Books,2,20.86,East
1777,2024-03-15 00:00:00,1066.0,Home Goods,6,48.67,South
1778,2024-03-15 01:00:00,1032.0,Home Goods,6,66.52,East
1779,2024-03-15 02:00:00,1061.0,Electronics,7,9.27,North
1780,2024-03-15 03:00:00,1136.0,electronics,1,34.02,North
1781,2024-03-15 04:00:00,1009.0,Books,1,17.66,East
1782,2024-03-15 05:00:00,1067.0,Electronics,7,39.71,East
1783,2024-03-15 06:00:00,1004.0,electronics,6,66.52,South
1784,2024-03-15 07:00:00,1190.0,Apparel,5,36.06,South
1785,2024-03-15 08:00:00,1145.0,electronics,3,44.05,North
1786,2024-03-15 09:00:00,1048.0,Books,4,74.1,East
1787,2024-03-15 10:00:00,1039.0,Apparel,4,54.16,South
1788,2024-03-15 11:00:00,1019.0,Electronics,6,29.8,South
1789,2024-03-15 12:00:00,1094.0,electronics,4,48.18,West
1790,2024-03-15 13:00:00,1150.0,Apparel,1,28.45,West
1791,2024-03-15 14:00:00,1116.0,Books,5,53.41,North
1792,2024-03-15 15:00:00,1176.0,Books,6,55.31,East
1793,2024-03-15 16:00:00,1068.0,Books,3,17.66,North
1794,2024-03-15 17:00:00,,Electronics,1,48.5,North
1795,2024-03-15 18:00:00,1095.0,Apparel,1,42.65,East
1796,2024-03-15 19:00:00,1040.0,Electronics,6,55.89,North
1797,2024-03-15 20:00:00,1195.0,Electronics,4,61.63,South
1798,2024-03-15 21:00:00,1037.0,Apparel,4,54.55,West
1799,2024-03-15 22:00:00,1095.0,Home Goods,7,38.94,West
1800,2024-03-15 23:00:00,1104.0,Apparel,1,63.67,West
1801,2024-03-16 00:00:00,1011.0,Books,2,27.54,West
1802,2024-03-16 01:00:00,1093.0,Electronics,6,18.59,South
1803,2024-03-16 02:00:00,1090.0,Home Goods,4,-18.91,East
1804,2024-03-16 03:00:00,1051.0,Books,1,43.6,South
1805,2024-03-16 04:00:00,1025.0,Home Goods,5,28.57,East
1806,2024-03-16 05:00:00,1009.0,Home Goods,1,52.96,South
1807,2024-03-16 06:00:00,1001.0,Home Goods,6,5.58,North
1808,2024-03-16 07:00:00,1096.0,Books,6,32.06,North
1809,2024-03-16 08:00:00,1017.0,Electronics,6,54.41,West
1810,2024-03-16 09:00:00,1191.0,Books,4,24.4,North
1811,2024-03-16 10:00:00,1048.0,Books,2,53.19,East
1812,2024-03-16 11:00:00,1130.0,Books,7,33.86,West
1813,2024-03-16 12:00:00,1134.0,Home Goods,-4,44.34,West
1814,2024-03-16 13:00:00,1099.0,Home Goods,5,56.9,South
1815,2024-03-16 14:00:00,1176.0,electronics,1,64.06,North
1816,2024-03-16 15:00:00,1022.0,electronics,5,46.85,West
1817,2024-03-16 16:00:00,1046.0,Books,5,28.72,East
1818,2024-03-16 17:00:00,1050.0,Home Goods,3,35.84,South
1819,2024-03-16 18:00:00,1027.0,Apparel,6,57.74,West
1820,2024-03-16 19:00:00,1058.0,Electronics,1,24.57,North
1821,2024-03-16 20:00:00,1062.0,Apparel,6,41.44,South
1822,2024-03-16 21:00:00,1152.0,Apparel,7,37.28,North
1823,2024-03-16 22:00:00,1060.0,Books,4,42.93,North
1824,2024-03-16 23:00:00,1175.0,Electronics,1,24.81,South
1825,2024-03-17 00:00:00,1154.0,Home Goods,4,7.96,East
1826,2024-03-17 01:00:00,1180.0,Home Goods,4,55.41,South
1827,2024-03-17 02:00:00,1021.0,Home Goods,4,64.28,East
1828,2024-03-17 03:00:00,1196.0,Electronics,2,9.16,West
1829,2024-03-17 04:00:00,1122.0,Home Goods,5,52.38,West
1830,2024-03-17 05:00:00,1196.0,electronics,2,66.66,North
1831,2024-03-17 06:00:00,1070.0,Apparel,4,56.92,West
1832,2024-03-17 07:00:00,1190.0,electronics,5,36.67,North
1833,2024-03-17 08:00:00,1117.0,Home Goods,5,26.13,East
1834,2024-03-17 09:00:00,1014.0,Apparel,6,46.62,South
1835,2024-03-17 10:00:00,1082.0,Electronics,7,49.96,East
1836,2024-03-17 11:00:00,1027.0,Apparel,6,46.92,North
1837,2024-03-17 12:00:00,1188.0,Apparel,6,41.4,East
1838,2024-03-17 13:00:00,1060.0,Electronics,7,23.35,North
1839,2024-03-17 14:00:00,1044.0,Electronics,2,53.45,North
1840,2024-03-17 15:00:00,1110.0,Books,3,54.42,East
1841,2024-03-17 16:00:00,1085.0,electronics,4,49.02,South
1842,2024-03-17 17:00:00,1019.0,Books,4,47.22,East
1843,2024-03-17 18:00:00,1163.0,Home Goods,5,78.58,East
1844,2024-03-17 19:00:00,1169.0,electronics,1,32.51,East
1845,2024-03-17 20:00:00,1148.0,electronics,1,70.63,West
1846,2024-03-17 21:00:00,,Apparel,6,30.32,West
1847,2024-03-17 22:00:00,1080.0,Electronics,6,67.18,West
1848,2024-03-17 23:00:00,1108.0,Home Goods,3,69.67,North
1849,2024-03-18 00:00:00,1104.0,electronics,3,39.14,East
1850,2024-03-18 01:00:00,1033.0,Electronics,4,78.22,West
1851,2024-03-18 02:00:00,1016.0,electronics,4,54.38,North
1852,2024-03-18 03:00:00,1050.0,Home Goods,2,27.45,South
1853,2024-03-18 04:00:00,1090.0,Apparel,4,37.52,South
1854,2024-03-18 05:00:00,1032.0,Electronics,6,67.66,East
1855,2024-03-18 06:00:00,1021.0,Books,6,63.46,South
1856,2024-03-18 07:00:00,1170.0,Books,6,23.84,East
1857,2024-03-18 08:00:00,1074.0,Apparel,5,42.21,East
1858,2024-03-18 09:00:00,1116.0,Books,7,49.07,East
1859,2024-03-18 10:00:00,1104.0,Home Goods,2,34.85,South
1860,2024-03-18 11:00:00,1147.0,Books,1,92.16,West
1861,2024-03-18 12:00:00,1147.0,Apparel,1,49.67,East
1862,2024-03-18 13:00:00,1059.0,Home Goods,7,43.76,North
1863,2024-03-18 14:00:00,1169.0,Electronics,5,68.82,North
1864,2024-03-18 15:00:00,1074.0,Home Goods,2,37.7,South
1865,2024-03-18 16:00:00,1167.0,Books,6,65.15,West
1866,2024-03-18 17:00:00,1080.0,Books,3,11.65,South
1867,2024-03-18 18:00:00,1022.0,Home Goods,5,35.93,North
1868,2024-03-18 19:00:00,1152.0,electronics,2,65.98,North
1869,2024-03-18 20:00:00,1006.0,Apparel,1,76.4,North
1870,2024-03-18 21:00:00,1154.0,Electronics,2,29.53,South
1871,2024-03-18 22:00:00,1008.0,Electronics,2,27.2,West
1872,2024-03-18 23:00:00,1041.0,Home Goods,4,56.35,South
1873,2024-03-19 00:00:00,1120.0,Books,1,32.54,West
1874,2024-03-19 01:00:00,,electronics,2,39.63,North
1875,2024-03-19 02:00:00,1081.0,Home Goods,4,62.53,South
1876,2024-03-19 03:00:00,1024.0,electronics,3,34.12,West
1877,2024-03-19 04:00:00,1046.0,Home Goods,5,5.69,East
1878,2024-03-19 05:00:00,1179.0,Electronics,5,18.98,West
1879,2024-03-19 06:00:00,1145.0,Home Goods,7,45.2,South
1880,2024-03-19 07:00:00,1020.0,Home Goods,6,7.73,East
1881,2024-03-19 08:00:00,1076.0,electronics,2,39.06,East
1882,2024-03-19 09:00:00,1052.0,electronics,5,17.16,North
1883,2024-03-19 10:00:00,1035.0,Apparel,5,77.8,West
1884,2024-03-19 11:00:00,1169.0,Electronics,5,88.3,South
1885,2024-03-19 12:00:00,1123.0,Electronics,6,23.84,North
1886,2024-03-19 13:00:00,1035.0,Electronics,2,50.14,West
1887,2024-03-19 14:00:00,1130.0,Books,3,25.79,East
1888,2024-03-19 15:00:00,1082.0,electronics,6,38.81,West
1889,2024-03-19 16:00:00,1012.0,Electronics,7,81.07,West
1890,2024-03-19 17:00:00,1089.0,Books,1,35.67,South
1891,2024-03-19 18:00:00,1037.0,Electronics,4,39.28,East
1892,2024-03-19 19:00:00,1049.0,electronics,2,26.15,
1893,2024-03-19 20:00:00,1175.0,Electronics,2,67.92,South
1894,2024-03-19 21:00:00,1142.0,Apparel,1,-20.27,South
1895,2024-03-19 22:00:00,1026.0,Apparel,4,36.14,West
1896,2024-03-19 23:00:00,1170.0,Apparel,5,44.08,North
1897,2024-03-20 00:00:00,1114.0,electronics,4,31.78,West
1898,2024-03-20 01:00:00,1174.0,electronics,3,62.27,East
1899,2024-03-20 02:00:00,1149.0,Books,6,69.04,West
1900,2024-03-20 03:00:00,1067.0,Books,5,16.76,East
1901,2024-03-20 04:00:00,1106.0,Electronics,7,86.87,East
1902,2024-03-20 05:00:00,1106.0,Apparel,3,16.53,West
1903,2024-03-20 06:00:00,1143.0,Books,2,70.77,North
1904,2024-03-20 07:00:00,1049.0,Home Goods,4,48.0,East
1905,2024-03-20 08:00:00,1066.0,Apparel,4,34.93,West
1906,2024-03-20 09:00:00,1048.0,Electronics,4,36.81,West
1907,2024-03-20 10:00:00,1059.0,Electronics,6,44.33,
1908,2024-03-20 11:00:00,1032.0,Electronics,1,49.17,East
1909,2024-03-20 12:00:00,1007.0,Electronics,4,26.6,East
1910,2024-03-20 13:00:00,1188.0,Books,4,40.32,East
1911,2024-03-20 14:00:00,1014.0,Apparel,2,29.59,East
1912,2024-03-20 15:00:00,,Apparel,5,20.7,East
1913,2024-03-20 16:00:00,1000.0,electronics,6,28.65,North
1914,2024-03-20 17:00:00,1155.0,Books,4,22.0,North
1915,2024-03-20 18:00:00,1065.0,Electronics,1,36.6,East
1916,2024-03-20 19:00:00,1103.0,Books,1,53.65,South
1917,2024-03-20 20:00:00,1056.0,Electronics,3,47.41,South
1918,2024-03-20 21:00:00,1098.0,Electronics,5,84.49,North
1919,2024-03-20 22:00:00,1090.0,Electronics,3,0.79,West
1920,2024-03-20 23:00:00,1105.0,Apparel,3,54.39,
1921,2024-03-21 00:00:00,1078.0,electronics,7,45.13,East
1922,2024-03-21 01:00:00,1107.0,Home Goods,1,61.31,West
1923,2024-03-21 02:00:00,1165.0,Home Goods,1,59.33,West
1924,2024-03-21 03:00:00,1086.0,Apparel,2,41.7,North
1925,2024-03-21 04:00:00,1072.0,electronics,7,48.45,North
1926,2024-03-21 05:00:00,1026.0,Electronics,4,30.12,North
1927,2024-03-21 06:00:00,1071.0,electronics,2,57.27,North
1928,2024-03-21 07:00:00,1025.0,electronics,3,7.42,East
1929,2024-03-21 08:00:00,1036.0,Apparel,7,60.54,South
1930,2024-03-21 09:00:00,1190.0,Apparel,5,44.54,West
1931,2024-03-21 10:00:00,1017.0,Electronics,2,35.26,East
1932,2024-03-21 11:00:00,1096.0,Apparel,2,40.35,South
1933,2024-03-21 12:00:00,1166.0,Electronics,1,41.82,
1934,2024-03-21 13:00:00,1190.0,Apparel,6,70.95,West
1935,2024-03-21 14:00:00,1029.0,electronics,1,109.67,West
1936,2024-03-21 15:00:00,1032.0,electronics,3,69.4,West
1937,2024-03-21 16:00:00,1074.0,Home Goods,3,33.69,
1938,2024-03-21 17:00:00,1110.0,electronics,5,57.6,East
1939,2024-03-21 18:00:00,1191.0,Apparel,5,58.47,West
1940,2024-03-21 19:00:00,1041.0,Books,6,26.5,North
1941,2024-03-21 20:00:00,1032.0,Books,3,19.78,East
1942,2024-03-21 21:00:00,1050.0,Home Goods,3,43.73,East
1943,2024-03-21 22:00:00,1174.0,Home Goods,3,61.15,North
1944,2024-03-21 23:00:00,1006.0,Home Goods,1,12.76,North
1945,2024-03-22 00:00:00,1076.0,Apparel,6,30.58,North
1946,2024-03-22 01:00:00,1023.0,Home Goods,4,56.45,South
1947,2024-03-22 02:00:00,1031.0,Home Goods,4,45.83,North
1948,2024-03-22 03:00:00,1183.0,Home Goods,7,73.33,South
1949,2024-03-22 04:00:00,1000.0,electronics,2,16.77,West
1950,2024-03-22 05:00:00,1064.0,Home Goods,7,92.04,East
1951,2024-03-22 06:00:00,1183.0,Apparel,5,14.24,East
1952,2024-03-22 07:00:00,1121.0,Home Goods,2,4999.99,North
1953,2024-03-22 08:00:00,1014.0,Books,5,43.82,West
1954,2024-03-22 09:00:00,1093.0,Books,6,22.31,North
1955,2024-03-22 10:00:00,1194.0,Home Goods,3,44.22,South
1956,2024-03-22 11:00:00,1080.0,Books,3,43.53,East
1957,2024-03-22 12:00:00,1105.0,Electronics,6,41.08,West
1958,2024-03-22 13:00:00,1106.0,Books,2,28.15,
1959,2024-03-22 14:00:00,1132.0,electronics,1,53.65,West
1960,2024-03-22 15:00:00,1037.0,Home Goods,5,38.65,West
1961,2024-03-22 16:00:00,1167.0,electronics,7,67.07,East
1962,2024-03-22 17:00:00,1197.0,Home Goods,4,41.39,East
1963,2024-03-22 18:00:00,1028.0,electronics,1,25.71,North
1964,2024-03-22 19:00:00,1163.0,Apparel,4,11.25,South
1965,2024-03-22 20:00:00,,Electronics,-2,41.56,
1966,2024-03-22 21:00:00,1148.0,Books,6,19.62,
1967,2024-03-22 22:00:00,1074.0,Books,5,18.0,South
1968,2024-03-22 23:00:00,1093.0,Home Goods,3,55.55,South
1969,2024-03-23 00:00:00,1167.0,Home Goods,5,9.45,North
1970,2024-03-23 01:00:00,,Apparel,5,73.24,East
1971,2024-03-23 02:00:00,1165.0,Electronics,5,48.19,North
1972,2024-03-23 03:00:00,1184.0,Apparel,3,44.12,East
1973,2024-03-23 04:00:00,1136.0,electronics,4,24.3,North
1974,2024-03-23 05:00:00,1068.0,Apparel,1,60.29,North
1975,2024-03-23 06:00:00,1111.0,electronics,3,44.94,South
1976,2024-03-23 07:00:00,1010.0,Apparel,3,31.28,West
1977,2024-03-23 08:00:00,1186.0,Apparel,4,49.0,South
1978,2024-03-23 09:00:00,1068.0,electronics,7,11.34,South
1979,2024-03-23 10:00:00,1011.0,Apparel,7,12.29,East
1980,2024-03-23 11:00:00,1158.0,Home Goods,4,22.6,West
1981,2024-03-23 12:00:00,1131.0,electronics,5,51.99,South
1982,2024-03-23 13:00:00,1124.0,Home Goods,1,44.93,West
1983,2024-03-23 14:00:00,1010.0,Books,4,65.98,South
1984,2024-03-23 15:00:00,1150.0,Electronics,5,26.6,East
1985,2024-03-23 16:00:00,1127.0,Books,5,56.49,South
1986,2024-03-23 17:00:00,1158.0,Books,7,42.72,West
1987,2024-03-23 18:00:00,1165.0,Home Goods,4,26.14,
1988,2024-03-23 19:00:00,1042.0,Apparel,7,52.71,West
1989,2024-03-23 20:00:00,1042.0,electronics,7,43.68,West
1990,2024-03-23 21:00:00,1184.0,Electronics,5,32.42,North
1991,2024-03-23 22:00:00,1106.0,Home Goods,1,45.84,East
1992,2024-03-23 23:00:00,1087.0,Books,3,42.41,North
1993,2024-03-24 00:00:00,1057.0,electronics,-6,41.93,South
1994,2024-03-24 01:00:00,1127.0,Apparel,5,36.75,East
1995,2024-03-24 02:00:00,1150.0,Apparel,7,18.9,West
1996,2024-03-24 03:00:00,1000.0,Apparel,6,46.5,West
1997,2024-03-24 04:00:00,1110.0,electronics,1,28.95,West
1998,2024-03-24 05:00:00,1198.0,electronics,7,24.59,East
1999,2024-03-24 06:00:00,1056.0,Home Goods,3,40.19,West
2000,2024-03-24 07:00:00,1056.0,Books,6,59.68,West
2001,2024-03-24 08:00:00,1175.0,Books,4,48.71,West
2002,2024-03-24 09:00:00,1012.0,Home Goods,4,34.38,North
2003,2024-03-24 10:00:00,1079.0,Books,1,33.57,East
2004,2024-03-24 11:00:00,1091.0,Home Goods,1,57.72,West
2005,2024-03-24 12:00:00,1159.0,electronics,5,-2.93,
2006,2024-03-24 13:00:00,,Electronics,4,60.95,North
2007,2024-03-24 14:00:00,1086.0,Apparel,4,7.52,South
2008,2024-03-24 15:00:00,1030.0,Apparel,2,16.69,South
2009,2024-03-24 16:00:00,1157.0,Books,4,34.71,South
2010,2024-03-24 17:00:00,1126.0,Apparel,1,88.4,West
2011,2024-03-24 18:00:00,1099.0,Electronics,2,78.55,North
2012,2024-03-24 19:00:00,1078.0,Home Goods,4,59.13,South
2013,2024-03-24 20:00:00,1030.0,Apparel,5,52.13,East
2014,2024-03-24 21:00:00,1184.0,Home Goods,5,7.75,South
2015,2024-03-24 22:00:00,1129.0,Home Goods,7,48.14,North
2016,2024-03-24 23:00:00,1063.0,Books,6,34.02,East
2017,2024-03-25 00:00:00,1082.0,Apparel,3,28.67,East
2018,2024-03-25 01:00:00,1145.0,Apparel,6,48.1,
2019,2024-03-25 02:00:00,1143.0,Home Goods,1,35.58,West
2020,2024-03-25 03:00:00,,electronics,7,62.39,
2021,2024-03-25 04:00:00,1060.0,Home Goods,3,6.28,North
2022,2024-03-25 05:00:00,1131.0,Books,6,46.5,West
2023,2024-03-25 06:00:00,1131.0,Apparel,7,27.42,East
2024,2024-03-25 07:00:00,1119.0,Apparel,5,36.81,East
2025,2024-03-25 08:00:00,1014.0,Electronics,7,51.09,South
2026,2024-03-25 09:00:00,1094.0,Books,1,22.65,North
2027,2024-03-25 10:00:00,1122.0,electronics,2,48.28,North
2028,2024-03-25 11:00:00,1190.0,Books,5,40.75,West
2029,2024-03-25 12:00:00,1105.0,Home Goods,4,31.79,West
2030,2024-03-25 13:00:00,1068.0,Books,1,35.59,North
2031,2024-03-25 14:00:00,1111.0,Books,6,41.91,East
2032,2024-03-25 15:00:00,1035.0,Apparel,1,29.64,West
2033,2024-03-25 16:00:00,1018.0,Books,7,45.14,East
2034,2024-03-25 17:00:00,1135.0,Apparel,2,39.44,South
2035,2024-03-25 18:00:00,1197.0,Books,-4,32.77,West
2036,2024-03-25 19:00:00,1169.0,Electronics,6,76.8,East
2037,2024-03-25 20:00:00,1116.0,Electronics,4,53.3,West
2038,2024-03-25 21:00:00,1008.0,Home Goods,6,37.35,East
2039,2024-03-25 22:00:00,1197.0,Books,5,47.92,West
2040,2024-03-25 23:00:00,1089.0,Apparel,7,24.46,North
2041,2024-03-26 00:00:00,1057.0,Home Goods,4,36.26,West
2042,2024-03-26 01:00:00,1178.0,Home Goods,7,38.6,South
2043,2024-03-26 02:00:00,1149.0,Apparel,4,20.06,West
2044,2024-03-26 03:00:00,1149.0,Books,7,52.75,West
2045,2024-03-26 04:00:00,1055.0,Books,6,34.89,East
2046,2024-03-26 05:00:00,1198.0,Electronics,1,37.89,East
2047,2024-03-26 06:00:00,1090.0,Home Goods,5,33.63,North
2048,2024-03-26 07:00:00,1106.0,electronics,7,104.18,South
2049,2024-03-26 08:00:00,1150.0,Apparel,1,31.75,East
2050,2024-03-26 09:00:00,1131.0,Home Goods,6,3.63,North
2051,2024-03-26 10:00:00,1034.0,Books,1,13.0,North
2052,2024-03-26 11:00:00,1060.0,Home Goods,7,60.19,
2053,2024-03-26 12:00:00,1072.0,Apparel,6,71.73,South
2054,2024-03-26 13:00:00,1189.0,Electronics,2,31.36,South
2055,2024-03-26 14:00:00,1142.0,Books,6,70.58,South
2056,2024-03-26 15:00:00,1073.0,Electronics,1,59.83,East
2057,2024-03-26 16:00:00,1146.0,electronics,4,41.21,South
2058,2024-03-26 17:00:00,1147.0,Books,7,39.79,West
2059,2024-03-26 18:00:00,1078.0,Books,2,48.62,East
2060,2024-03-26 19:00:00,1080.0,Home Goods,2,62.55,North
2061,2024-03-26 20:00:00,1178.0,Home Goods,3,52.95,East
2062,2024-03-26 21:00:00,1112.0,Electronics,3,31.46,North
2063,2024-03-26 22:00:00,1029.0,Books,1,41.52,West
2064,2024-03-26 23:00:00,1143.0,Electronics,4,84.63,North
2065,2024-03-27 00:00:00,1117.0,Electronics,2,50.02,North
2066,2024-03-27 01:00:00,1101.0,Home Goods,1,62.39,South
2067,2024-03-27 02:00:00,1145.0,Electronics,2,55.8,North
2068,2024-03-27 03:00:00,1181.0,Electronics,1,50.47,East
2069,2024-03-27 04:00:00,1066.0,Apparel,7,47.17,South
2070,2024-03-27 05:00:00,1083.0,Apparel,7,62.95,West
2071,2024-03-27 06:00:00,1037.0,electronics,3,59.37,North
2072,2024-03-27 07:00:00,1129.0,Apparel,7,50.28,East
2073,2024-03-27 08:00:00,1080.0,Apparel,4,31.12,West
2074,2024-03-27 09:00:00,1068.0,electronics,7,52.71,North
2075,2024-03-27 10:00:00,1139.0,Apparel,2,43.66,East
2076,2024-03-27 11:00:00,1081.0,Home Goods,2,38.83,West
2077,2024-03-27 12:00:00,1092.0,Books,6,98.58,West
2078,2024-03-27 13:00:00,1088.0,Electronics,2,14.22,West
2079,2024-03-27 14:00:00,1051.0,electronics,6,64.17,West
2080,2024-03-27 15:00:00,1025.0,electronics,3,27.75,South
2081,2024-03-27 16:00:00,1165.0,electronics,3,47.62,West
2082,2024-03-27 17:00:00,1018.0,Books,4,96.37,North
2083,2024-03-27 18:00:00,1064.0,Apparel,6,25.75,East
2084,2024-03-27 19:00:00,1133.0,Home Goods,1,30.52,West
2085,2024-03-27 20:00:00,1026.0,Home Goods,6,44.65,West
2086,2024-03-27 21:00:00,1131.0,Books,6,28.06,West
2087,2024-03-27 22:00:00,1146.0,Home Goods,6,62.68,North
2088,2024-03-27 23:00:00,1132.0,electronics,7,34.31,West
2089,2024-03-28 00:00:00,1061.0,Electronics,6,58.08,North
2090,2024-03-28 01:00:00,1003.0,electronics,4,18.42,West
2091,2024-03-28 02:00:00,1177.0,Apparel,4,8.86,East
2092,2024-03-28 03:00:00,1065.0,Home Goods,3,40.42,North
2093,2024-03-28 04:00:00,1161.0,Home Goods,6,13.63,West
2094,2024-03-28 05:00:00,1039.0,Home Goods,3,75.37,South
2095,2024-03-28 06:00:00,1032.0,Books,5,14.4,East
2096,2024-03-28 07:00:00,1155.0,Books,1,24.25,
2097,2024-03-28 08:00:00,1187.0,Electronics,3,53.27,East
2098,2024-03-28 09:00:00,1172.0,Electronics,2,33.27,East
2099,2024-03-28 10:00:00,1150.0,electronics,4,14.63,North
2100,2024-03-28 11:00:00,1049.0,Books,4,85.8,North
2101,2024-03-28 12:00:00,1182.0,Home Goods,6,24.97,North
2102,2024-03-28 13:00:00,1133.0,Books,4,41.07,South
2103,2024-03-28 14:00:00,1034.0,Apparel,2,40.82,South
2104,2024-03-28 15:00:00,1025.0,Home Goods,4,59.21,East
2105,2024-03-28 16:00:00,1174.0,electronics,1,54.25,East
2106,2024-03-28 17:00:00,1055.0,electronics,6,28.46,North
2107,2024-03-28 18:00:00,1153.0,Electronics,6,38.48,East
2108,2024-03-28 19:00:00,1027.0,Home Goods,2,40.46,West
2109,2024-03-28 20:00:00,1056.0,electronics,2,59.98,North
2110,2024-03-28 21:00:00,1056.0,electronics,1,21.63,East
2111,2024-03-28 22:00:00,1056.0,Electronics,3,85.36,North
2112,2024-03-28 23:00:00,1134.0,Apparel,-1,29.82,East
2113,2024-03-29 00:00:00,1182.0,Books,7,44.83,West
2114,2024-03-29 01:00:00,1182.0,Home Goods,1,21.8,North
2115,2024-03-29 02:00:00,1148.0,Home Goods,5,19.04,South
2116,2024-03-29 03:00:00,1040.0,Books,4,27.51,West
2117,2024-03-29 04:00:00,1192.0,Home Goods,2,25.59,North
2118,2024-03-29 05:00:00,1108.0,Apparel,6,36.71,West
2119,2024-03-29 06:00:00,1109.0,Home Goods,1,25.42,East
2120,2024-03-29 07:00:00,1140.0,Home Goods,7,58.91,North
2121,2024-03-29 08:00:00,1153.0,Home Goods,6,29.34,West
2122,2024-03-29 09:00:00,1190.0,Apparel,5,27.12,East
2123,2024-03-29 10:00:00,1116.0,Apparel,7,37.14,North
2124,2024-03-29 11:00:00,1122.0,Home Goods,3,64.86,West
2125,2024-03-29 12:00:00,1149.0,Electronics,2,49.3,East
2126,2024-03-29 13:00:00,1051.0,Books,2,43.01,West
2127,2024-03-29 14:00:00,1061.0,Books,7,16.34,North
2128,2024-03-29 15:00:00,1125.0,Electronics,3,22.15,North
2129,2024-03-29 16:00:00,1012.0,electronics,6,19.43,West
2130,2024-03-29 17:00:00,1064.0,Books,3,71.14,East
2131,2024-03-29 18:00:00,1143.0,electronics,7,55.61,South
2132,2024-03-29 19:00:00,1195.0,Books,7,27.77,West
2133,2024-03-29 20:00:00,,Apparel,3,33.71,East
2134,2024-03-29 21:00:00,1079.0,Books,4,28.49,South
2135,2024-03-29 22:00:00,1088.0,Electronics,6,4999.99,West
2136,2024-03-29 23:00:00,,Home Goods,2,54.21,East
2137,2024-03-30 00:00:00,1108.0,Home Goods,1,39.25,East
2138,2024-03-30 01:00:00,1004.0,Books,3,86.62,West
2139,2024-03-30 02:00:00,1107.0,electronics,5,70.01,East
2140,2024-03-30 03:00:00,1080.0,electronics,1,71.19,West
2141,2024-03-30 04:00:00,1140.0,Electronics,3,58.43,West
2142,2024-03-30 05:00:00,1175.0,Apparel,7,36.55,South
2143,2024-03-30 06:00:00,1192.0,Books,1,56.96,South
2144,2024-03-30 07:00:00,1122.0,Electronics,1,38.02,West
2145,2024-03-30 08:00:00,1072.0,electronics,3,77.61,West
2146,2024-03-30 09:00:00,1088.0,electronics,1,53.09,North
2147,2024-03-30 10:00:00,1035.0,Books,1,50.25,South
2148,2024-03-30 11:00:00,1187.0,Home Goods,2,47.54,South
2149,2024-03-30 12:00:00,1169.0,electronics,1,79.81,West
2150,2024-03-30 13:00:00,1170.0,electronics,6,16.32,West
2151,2024-03-30 14:00:00,1065.0,Home Goods,1,4999.99,West
2152,2024-03-30 15:00:00,1064.0,electronics,4,41.28,South
2153,2024-03-30 16:00:00,1171.0,Electronics,5,16.88,West
2154,2024-03-30 17:00:00,1108.0,Books,5,29.96,North
2155,2024-03-30 18:00:00,1140.0,Home Goods,5,11.98,South
2156,2024-03-30 19:00:00,1097.0,electronics,3,58.07,South
2157,2024-03-30 20:00:00,1088.0,Apparel,7,24.23,East
2158,2024-03-30 21:00:00,1126.0,Apparel,1,48.37,East
2159,2024-03-30 22:00:00,1162.0,Electronics,1,67.68,North
2160,2024-03-30 23:00:00,1066.0,Electronics,6,31.56,North
2161,2024-03-31 00:00:00,1161.0,Electronics,1,39.64,West
2162,2024-03-31 01:00:00,1048.0,Apparel,2,18.93,North
2163,2024-03-31 02:00:00,1080.0,Apparel,2,37.23,East
2164,2024-03-31 03:00:00,1182.0,Apparel,1,96.48,North
2165,2024-03-31 04:00:00,1190.0,Apparel,1,60.56,South
2166,2024-03-31 05:00:00,1184.0,Home Goods,5,39.71,South
2167,2024-03-31 06:00:00,1063.0,Home Goods,5,32.77,East
2168,2024-03-31 07:00:00,1168.0,Apparel,1,44.15,South
2169,2024-03-31 08:00:00,1187.0,electronics,7,47.6,South
2170,2024-03-31 09:00:00,1195.0,Books,1,36.62,West
2171,2024-03-31 10:00:00,1004.0,Books,5,55.6,North
2172,2024-03-31 11:00:00,1148.0,Books,6,25.93,West
2173,2024-03-31 12:00:00,1199.0,Books,4,25.83,South
2174,2024-03-31 13:00:00,1152.0,electronics,4,52.4,West
2175,2024-03-31 14:00:00,,Electronics,1,21.63,North
2176,2024-03-31 15:00:00,1152.0,Home Goods,2,59.58,East
2177,2024-03-31 16:00:00,1021.0,Apparel,6,44.71,East
2178,2024-03-31 17:00:00,1096.0,Apparel,3,8.44,East
2179,2024-03-31 18:00:00,1125.0,electronics,1,47.19,West
2180,2024-03-31 19:00:00,1091.0,electronics,6,11.3,North
2181,2024-03-31 20:00:00,1139.0,Home Goods,5,58.87,South
2182,2024-03-31 21:00:00,1048.0,Books,1,40.03,West
2183,2024-03-31 22:00:00,1121.0,Electronics,1,82.02,West
2184,2024-03-31 23:00:00,1128.0,electronics,1,66.43,East
2185,2024-04-01 00:00:00,1126.0,electronics,1,23.79,East
2186,2024-04-01 01:00:00,,Books,5,4.59,West
2187,2024-04-01 02:00:00,1061.0,Home Goods,1,29.9,West
2188,2024-04-01 03:00:00,1051.0,Electronics,5,20.57,West
2189,2024-04-01 04:00:00,1092.0,electronics,2,81.51,West
2190,2024-04-01 05:00:00,1117.0,Electronics,7,44.79,South
2191,2024-04-01 06:00:00,1072.0,Home Goods,6,63.67,East
2192,2024-04-01 07:00:00,1081.0,Books,3,39.3,East
2193,2024-04-01 08:00:00,,Home Goods,4,41.41,North
2194,2024-04-01 09:00:00,1043.0,Books,1,44.35,West
2195,2024-04-01 10:00:00,1131.0,Apparel,1,67.13,East
2196,2024-04-01 11:00:00,1163.0,Books,4,51.23,North
2197,2024-04-01 12:00:00,1058.0,electronics,1,23.85,East
2198,2024-04-01 13:00:00,1172.0,Books,5,77.45,South
2199,2024-04-01 14:00:00,1114.0,electronics,3,39.14,North
2200,2024-04-01 15:00:00,1033.0,Home Goods,1,35.89,East
2201,2024-04-01 16:00:00,1073.0,Apparel,4,-11.59,West
2202,2024-04-01 17:00:00,1001.0,electronics,4,57.69,East
2203,2024-04-01 18:00:00,1007.0,electronics,6,47.02,North
2204,2024-04-01 19:00:00,1067.0,Electronics,2,47.0,East
2205,2024-04-01 20:00:00,1090.0,Electronics,4,36.94,North
2206,2024-04-01 21:00:00,1159.0,Home Goods,6,33.5,West
2207,2024-04-01 22:00:00,1026.0,Books,2,37.61,South
2208,2024-04-01 23:00:00,1167.0,electronics,6,54.26,West
2209,2024-04-02 00:00:00,1046.0,Home Goods,6,57.78,North
2210,2024-04-02 01:00:00,1027.0,Books,4,40.38,North
2211,2024-04-02 02:00:00,1139.0,Apparel,7,63.98,South
2212,2024-04-02 03:00:00,1154.0,Electronics,7,43.42,West
2213,2024-04-02 04:00:00,1120.0,Home Goods,2,34.92,West
2214,2024-04-02 05:00:00,1023.0,Electronics,7,48.97,East
2215,2024-04-02 06:00:00,1023.0,electronics,1,17.81,South
2216,2024-04-02 07:00:00,1078.0,electronics,1,49.65,North
2217,2024-04-02 08:00:00,1090.0,Apparel,1,14.16,East
2218,2024-04-02 09:00:00,1199.0,Electronics,3,24.45,South
2219,2024-04-02 10:00:00,1057.0,electronics,-7,4.63,West
2220,2024-04-02 11:00:00,1038.0,electronics,5,41.5,East
2221,2024-04-02 12:00:00,1189.0,electronics,5,77.19,West
2222,2024-04-02 13:00:00,1030.0,Apparel,1,42.66,West
2223,2024-04-02 14:00:00,1005.0,electronics,4,57.87,North
2224,2024-04-02 15:00:00,1084.0,electronics,3,92.05,South
2225,2024-04-02 16:00:00,1080.0,Home Goods,4,53.08,West
2226,2024-04-02 17:00:00,1123.0,Apparel,2,29.7,South
2227,2024-04-02 18:00:00,1175.0,Electronics,2,32.45,East
2228,2024-04-02 19:00:00,1186.0,Books,7,45.01,West
2229,2024-04-02 20:00:00,1057.0,Books,4,32.34,North
2230,2024-04-02 21:00:00,,Apparel,3,33.84,West
2231,2024-04-02 22:00:00,1126.0,Home Goods,1,64.71,South
2232,2024-04-02 23:00:00,1013.0,Apparel,6,65.52,East
2233,2024-04-03 00:00:00,1187.0,Home Goods,4,12.06,South
2234,2024-04-03 01:00:00,1027.0,electronics,3,28.64,East
2235,2024-04-03 02:00:00,1117.0,electronics,5,35.72,North
2236,2024-04-03 03:00:00,1158.0,Electronics,1,56.98,North
2237,2024-04-03 04:00:00,1049.0,Books,4,67.86,South
2238,2024-04-03 05:00:00,1054.0,electronics,7,99.04,South
2239,2024-04-03 06:00:00,,electronics,4,35.69,East
2240,2024-04-03 07:00:00,1176.0,Books,1,36.69,North
2241,2024-04-03 08:00:00,1044.0,Home Goods,2,56.77,North
2242,2024-04-03 09:00:00,1132.0,Apparel,1,31.36,North
2243,2024-04-03 10:00:00,1090.0,electronics,4,42.18,South
2244,2024-04-03 11:00:00,1022.0,electronics,3,36.7,South
2245,2024-04-03 12:00:00,1142.0,Apparel,1,-7.43,North
2246,2024-04-03 13:00:00,1166.0,Home Goods,5,47.46,East
2247,2024-04-03 14:00:00,1115.0,Electronics,2,41.35,West
2248,2024-04-03 15:00:00,1035.0,Books,3,70.42,East
2249,2024-04-03 16:00:00,1031.0,Home Goods,7,45.11,South
2250,2024-04-03 17:00:00,1084.0,Apparel,1,19.91,West
2251,2024-04-03 18:00:00,1101.0,electronics,2,39.84,East
2252,2024-04-03 19:00:00,1110.0,Home Goods,3,3.18,East
2253,2024-04-03 20:00:00,1048.0,Apparel,4,20.78,North
2254,2024-04-03 21:00:00,1100.0,Books,2,57.71,South
2255,2024-04-03 22:00:00,1059.0,electronics,7,40.05,South
2256,2024-04-03 23:00:00,1137.0,Apparel,1,63.45,North
2257,2024-04-04 00:00:00,1159.0,Books,7,5.66,East
2258,2024-04-04 01:00:00,1130.0,Apparel,4,40.15,South
2259,2024-04-04 02:00:00,1000.0,Electronics,1,35.49,North
2260,2024-04-04 03:00:00,1198.0,Electronics,1,64.12,North
2261,2024-04-04 04:00:00,1004.0,electronics,1,58.46,North
2262,2024-04-04 05:00:00,1199.0,Electronics,3,57.85,South
2263,2024-04-04 06:00:00,1006.0,Apparel,3,75.83,North
2264,2024-04-04 07:00:00,1103.0,Books,5,37.64,East
2265,2024-04-04 08:00:00,1021.0,Home Goods,3,71.7,South
2266,2024-04-04 09:00:00,1019.0,Home Goods,6,24.12,East
2267,2024-04-04 10:00:00,1136.0,Apparel,3,23.38,West
2268,2024-04-04 11:00:00,1145.0,Home Goods,2,60.05,West
2269,2024-04-04 12:00:00,1023.0,Home Goods,2,14.91,East
2270,2024-04-04 13:00:00,1195.0,Home Goods,3,56.46,South
2271,2024-04-04 14:00:00,1064.0,electronics,6,47.03,East
2272,2024-04-04 15:00:00,1063.0,Electronics,2,66.44,West
2273,2024-04-04 16:00:00,1059.0,Home Goods,2,43.81,East
2274,2024-04-04 17:00:00,1092.0,Books,7,46.12,North
2275,2024-04-04 18:00:00,1035.0,Electronics,5,55.19,West
2276,2024-04-04 19:00:00,1084.0,electronics,2,31.75,North
2277,2024-04-04 20:00:00,1041.0,electronics,7,30.88,West
2278,2024-04-04 21:00:00,1010.0,Books,2,54.49,North
2279,2024-04-04 22:00:00,1073.0,Home Goods,2,44.41,North
2280,2024-04-04 23:00:00,1134.0,Home Goods,4,36.85,West
2281,2024-04-05 00:00:00,1152.0,Apparel,5,43.34,East
2282,2024-04-05 01:00:00,1070.0,electronics,2,76.89,East
2283,2024-04-05 02:00:00,1064.0,Apparel,6,36.14,West
2284,2024-04-05 03:00:00,1157.0,Electronics,2,35.56,West
2285,2024-04-05 04:00:00,1136.0,Electronics,6,10.85,South
2286,2024-04-05 05:00:00,1166.0,Books,1,44.15,
2287,2024-04-05 06:00:00,1181.0,Apparel,4,58.14,South
2288,2024-04-05 07:00:00,1164.0,Electronics,5,61.72,North
2289,2024-04-05 08:00:00,1187.0,Home Goods,2,47.16,West
2290,2024-04-05 09:00:00,1083.0,Electronics,5,64.12,South
2291,2024-04-05 10:00:00,1078.0,Apparel,5,59.62,West
2292,2024-04-05 11:00:00,1064.0,Apparel,5,67.26,North
2293,2024-04-05 12:00:00,1047.0,electronics,3,64.69,North
2294,2024-04-05 13:00:00,1149.0,electronics,6,76.4,North
2295,2024-04-05 14:00:00,1142.0,electronics,6,41.61,East
2296,2024-04-05 15:00:00,1160.0,electronics,3,18.46,West
2297,2024-04-05 16:00:00,1033.0,electronics,6,58.27,South
2298,2024-04-05 17:00:00,1098.0,electronics,7,60.61,North
2299,2024-04-05 18:00:00,1044.0,Home Goods,6,76.4,South
2300,2024-04-05 19:00:00,1178.0,Books,6,70.63,South
2301,2024-04-05 20:00:00,1053.0,Apparel,6,83.91,East
2302,2024-04-05 21:00:00,1028.0,electronics,6,57.4,East
2303,2024-04-05 22:00:00,,Books,3,49.58,North
2304,2024-04-05 23:00:00,1175.0,electronics,6,17.3,South
2305,2024-04-06 00:00:00,1183.0,Books,2,51.16,East
2306,2024-04-06 01:00:00,1019.0,electronics,3,33.95,South
2307,2024-04-06 02:00:00,1065.0,Home Goods,7,49.23,South
2308,2024-04-06 03:00:00,1030.0,electronics,2,46.09,East
2309,2024-04-06 04:00:00,1061.0,Apparel,6,54.43,South
2310,2024-04-06 05:00:00,1106.0,electronics,3,43.05,North
2311,2024-04-06 06:00:00,1056.0,Books,2,63.7,North
2312,2024-04-06 07:00:00,1013.0,Electronics,1,-9.46,West
2313,2024-04-06 08:00:00,1102.0,Home Goods,4,48.8,South
2314,2024-04-06 09:00:00,1010.0,Electronics,4,69.05,West
2315,2024-04-06 10:00:00,1045.0,Books,4,82.4,South
2316,2024-04-06 11:00:00,1000.0,Home Goods,1,59.64,South
2317,2024-04-06 12:00:00,1017.0,Apparel,2,78.7,West
2318,2024-04-06 13:00:00,1087.0,Books,1,48.38,South
2319,2024-04-06 14:00:00,1170.0,Home Goods,3,45.06,North
2320,2024-04-06 15:00:00,1154.0,Electronics,7,55.59,North
2321,2024-04-06 16:00:00,1019.0,electronics,2,44.94,East
2322,2024-04-06 17:00:00,,electronics,5,29.35,South
2323,2024-04-06 18:00:00,1067.0,Books,1,34.7,West
2324,2024-04-06 19:00:00,1130.0,Books,4,22.76,South
2325,2024-04-06 20:00:00,1149.0,Home Goods,7,55.57,South
2326,2024-04-06 21:00:00,1164.0,Books,3,45.23,South
2327,2024-04-06 22:00:00,1068.0,electronics,2,37.79,North
2328,2024-04-06 23:00:00,1033.0,Apparel,4,33.67,West
2329,2024-04-07 00:00:00,1005.0,electronics,2,55.1,North
2330,2024-04-07 01:00:00,1029.0,electronics,7,60.61,West
2331,2024-04-07 02:00:00,1013.0,electronics,6,22.39,North
2332,2024-04-07 03:00:00,1172.0,Home Goods,5,19.25,East
2333,2024-04-07 04:00:00,1053.0,electronics,5,64.09,North
2334,2024-04-07 05:00:00,1164.0,electronics,5,17.5,West
2335,2024-04-07 06:00:00,1110.0,electronics,6,55.95,North
2336,2024-04-07 07:00:00,1107.0,Electronics,4,77.34,East
2337,2024-04-07 08:00:00,1090.0,Books,7,77.38,West
2338,2024-04-07 09:00:00,1163.0,electronics,3,59.76,East
2339,2024-04-07 10:00:00,1008.0,Electronics,1,59.18,North
2340,2024-04-07 11:00:00,1018.0,Home Goods,5,90.04,West
2341,2024-04-07 12:00:00,1084.0,Books,5,-1.69,South
2342,2024-04-07 13:00:00,1078.0,electronics,7,35.71,North
2343,2024-04-07 14:00:00,1109.0,Books,3,61.97,East
2344,2024-04-07 15:00:00,1147.0,Apparel,3,38.25,West
2345,2024-04-07 16:00:00,1117.0,Apparel,4,69.8,South
2346,2024-04-07 17:00:00,1051.0,electronics,3,44.21,West
2347,2024-04-07 18:00:00,1065.0,Electronics,6,47.63,East
2348,2024-04-07 19:00:00,1150.0,electronics,3,39.51,South
2349,2024-04-07 20:00:00,1040.0,Books,6,34.55,South
2350,2024-04-07 21:00:00,1100.0,Apparel,3,34.06,West
2351,2024-04-07 22:00:00,1107.0,Apparel,2,50.42,South
2352,2024-04-07 23:00:00,1150.0,Books,7,29.51,North
2353,2024-04-08 00:00:00,1142.0,electronics,4,64.06,South
2354,2024-04-08 01:00:00,1092.0,electronics,5,58.06,West
2355,2024-04-08 02:00:00,1061.0,Books,5,66.99,South
2356,2024-04-08 03:00:00,1073.0,Home Goods,3,22.42,North
2357,2024-04-08 04:00:00,1082.0,electronics,7,11.01,North
2358,2024-04-08 05:00:00,1043.0,electronics,3,44.92,North
2359,2024-04-08 06:00:00,1125.0,Books,7,102.98,
2360,2024-04-08 07:00:00,1041.0,Electronics,4,70.32,East
2361,2024-04-08 08:00:00,1129.0,Electronics,1,33.91,West
2362,2024-04-08 09:00:00,1150.0,Apparel,1,53.49,West
2363,2024-04-08 10:00:00,1192.0,Electronics,7,59.55,South
2364,2024-04-08 11:00:00,1023.0,Electronics,4,17.63,West
2365,2024-04-08 12:00:00,1151.0,Books,3,72.39,
2366,2024-04-08 13:00:00,1017.0,Home Goods,6,41.65,West
2367,2024-04-08 14:00:00,1067.0,Apparel,5,43.19,East
2368,2024-04-08 15:00:00,1035.0,Home Goods,5,45.48,South
2369,2024-04-08 16:00:00,1032.0,Electronics,5,67.89,West
2370,2024-04-08 17:00:00,1035.0,Electronics,2,29.9,North
2371,2024-04-08 18:00:00,1008.0,Apparel,1,10.86,West
2372,2024-04-08 19:00:00,1164.0,Electronics,-6,51.46,South
2373,2024-04-08 20:00:00,1012.0,Home Goods,1,4.13,East
2374,2024-04-08 21:00:00,1079.0,electronics,6,38.98,West
2375,2024-04-08 22:00:00,1139.0,electronics,1,68.74,East
2376,2024-04-08 23:00:00,1198.0,Books,2,56.58,North
2377,2024-04-09 00:00:00,1170.0,Apparel,5,65.85,West
2378,2024-04-09 01:00:00,1027.0,Apparel,5,57.41,West
2379,2024-04-09 02:00:00,1197.0,electronics,6,93.21,East
2380,2024-04-09 03:00:00,1130.0,electronics,5,33.24,West
2381,2024-04-09 04:00:00,1035.0,Apparel,1,52.96,West
2382,2024-04-09 05:00:00,1089.0,Electronics,6,36.24,West
2383,2024-04-09 06:00:00,1183.0,electronics,2,64.14,South
2384,2024-04-09 07:00:00,1078.0,Apparel,-1,43.77,South
2385,2024-04-09 08:00:00,1036.0,Apparel,7,79.38,West
2386,2024-04-09 09:00:00,1175.0,Electronics,2,34.38,West
2387,2024-04-09 10:00:00,1190.0,Apparel,4,73.14,North
2388,2024-04-09 11:00:00,1195.0,Home Goods,4,56.86,North
2389,2024-04-09 12:00:00,1191.0,electronics,6,44.35,South
2390,2024-04-09 13:00:00,1174.0,Apparel,1,55.85,West
2391,2024-04-09 14:00:00,1090.0,Books,1,50.23,West
2392,2024-04-09 15:00:00,1038.0,Home Goods,3,52.12,East
2393,2024-04-09 16:00:00,1123.0,electronics,4,40.86,North
2394,2024-04-09 17:00:00,1044.0,electronics,6,30.97,South
2395,2024-04-09 18:00:00,1094.0,Home Goods,5,38.3,West
2396,2024-04-09 19:00:00,1131.0,Electronics,2,11.34,South
2397,2024-04-09 20:00:00,1189.0,Home Goods,7,61.84,North
2398,2024-04-09 21:00:00,1057.0,Electronics,4,20.3,South
2399,2024-04-09 22:00:00,1050.0,Electronics,7,40.65,West
2400,2024-04-09 23:00:00,1146.0,Home Goods,7,57.96,East
2401,2024-04-10 00:00:00,,Apparel,1,61.79,North
2402,2024-04-10 01:00:00,1113.0,Books,4,9.51,South
2403,2024-04-10 02:00:00,1149.0,Electronics,3,43.16,West
2404,2024-04-10 03:00:00,1110.0,electronics,4,54.19,South
2405,2024-04-10 04:00:00,1076.0,Home Goods,3,46.04,South
2406,2024-04-10 05:00:00,1165.0,Home Goods,4,71.88,North
2407,2024-04-10 06:00:00,1074.0,Books,4,28.56,South
2408,2024-04-10 07:00:00,1142.0,Apparel,2,4.02,West
2409,2024-04-10 08:00:00,1092.0,Home Goods,3,61.21,West
2410,2024-04-10 09:00:00,1005.0,Electronics,2,34.26,South
2411,2024-04-10 10:00:00,1106.0,Electronics,6,9.83,West
2412,2024-04-10 11:00:00,1009.0,Electronics,5,41.83,South
2413,2024-04-10 12:00:00,1186.0,Apparel,3,69.61,West
2414,2024-04-10 13:00:00,1120.0,electronics,3,19.73,North
2415,2024-04-10 14:00:00,1074.0,electronics,1,91.72,South
2416,2024-04-10 15:00:00,,Apparel,3,28.24,West
2417,2024-04-10 16:00:00,1123.0,Books,7,46.74,West
2418,2024-04-10 17:00:00,1052.0,Home Goods,1,20.62,West
2419,2024-04-10 18:00:00,1057.0,Books,2,45.83,East
2420,2024-04-10 19:00:00,1083.0,Apparel,6,42.33,West
2421,2024-04-10 20:00:00,1051.0,Apparel,4,15.21,East
2422,2024-04-10 21:00:00,1151.0,Books,1,101.52,South
2423,2024-04-10 22:00:00,1020.0,Electronics,4,35.09,South
2424,2024-04-10 23:00:00,1165.0,Apparel,6,35.11,East
2425,2024-04-11 00:00:00,1069.0,Books,3,64.38,East
2426,2024-04-11 01:00:00,1112.0,Books,3,81.29,West
2427,2024-04-11 02:00:00,1031.0,Home Goods,5,67.53,South
2428,2024-04-11 03:00:00,1077.0,Apparel,5,20.98,North
2429,2024-04-11 04:00:00,1150.0,Books,7,49.28,North
2430,2024-04-11 05:00:00,1054.0,Books,2,7.37,West
2431,2024-04-11 06:00:00,,Books,2,63.03,North
2432,2024-04-11 07:00:00,1104.0,Books,2,12.3,West
2433,2024-04-11 08:00:00,1032.0,electronics,5,28.94,North
2434,2024-04-11 09:00:00,1062.0,Apparel,4,44.94,South
2435,2024-04-11 10:00:00,1090.0,Home Goods,3,53.9,West
2436,2024-04-11 11:00:00,1112.0,Books,5,39.78,South
2437,2024-04-11 12:00:00,1127.0,Books,3,75.38,West
2438,2024-04-11 13:00:00,1135.0,Books,2,59.46,North
2439,2024-04-11 14:00:00,1168.0,Home Goods,4,57.89,East
2440,2024-04-11 15:00:00,1013.0,Home Goods,4,20.41,East
2441,2024-04-11 16:00:00,,Electronics,3,4999.99,West
2442,2024-04-11 17:00:00,1000.0,Apparel,4,28.94,North
2443,2024-04-11 18:00:00,1001.0,Home Goods,7,79.75,South
2444,2024-04-11 19:00:00,1042.0,Home Goods,2,85.44,East
2445,2024-04-11 20:00:00,1119.0,Apparel,2,55.25,
2446,2024-04-11 21:00:00,1178.0,Books,4,65.64,West
2447,2024-04-11 22:00:00,1154.0,Electronics,1,-16.66,West
2448,2024-04-11 23:00:00,1129.0,Home Goods,2,41.1,East
2449,2024-04-12 00:00:00,1155.0,Apparel,4,67.04,East
2450,2024-04-12 01:00:00,1034.0,Books,4,63.49,West
2451,2024-04-12 02:00:00,1167.0,Apparel,5,20.61,West
2452,2024-04-12 03:00:00,1178.0,Apparel,1,39.13,West
2453,2024-04-12 04:00:00,1019.0,Books,6,4999.99,West
2454,2024-04-12 05:00:00,1093.0,Books,4,53.26,West
2455,2024-04-12 06:00:00,1166.0,Apparel,2,7.33,North
2456,2024-04-12 07:00:00,1095.0,electronics,3,67.61,South
2457,2024-04-12 08:00:00,1168.0,Home Goods,2,68.65,
2458,2024-04-12 09:00:00,1187.0,Apparel,4,35.51,East
2459,2024-04-12 10:00:00,1094.0,Electronics,4,55.43,North
2460,2024-04-12 11:00:00,1011.0,Apparel,4,40.66,East
2461,2024-04-12 12:00:00,1068.0,Home Goods,4,49.84,East
2462,2024-04-12 13:00:00,1043.0,Books,7,22.05,West
2463,2024-04-12 14:00:00,1094.0,electronics,7,57.45,West
2464,2024-04-12 15:00:00,1117.0,Books,4,12.18,North
2465,2024-04-12 16:00:00,1092.0,Home Goods,7,8.4,South
2466,2024-04-12 17:00:00,,Home Goods,6,42.56,North
2467,2024-04-12 18:00:00,1060.0,Apparel,6,40.78,West
2468,2024-04-12 19:00:00,1135.0,Home Goods,2,50.45,North
2469,2024-04-12 20:00:00,1005.0,Books,4,32.01,East
2470,2024-04-12 21:00:00,1042.0,Electronics,3,82.71,East
2471,2024-04-12 22:00:00,1178.0,Apparel,1,48.21,East
2472,2024-04-12 23:00:00,1019.0,Books,1,49.66,East
2473,2024-04-13 00:00:00,1082.0,electronics,5,48.94,East
2474,2024-04-13 01:00:00,1041.0,electronics,3,65.06,East
2475,2024-04-13 02:00:00,1020.0,Home Goods,6,56.52,North
2476,2024-04-13 03:00:00,1084.0,Apparel,5,53.84,South
2477,2024-04-13 04:00:00,1104.0,Books,1,59.72,East
2478,2024-04-13 05:00:00,1035.0,Apparel,6,8.51,South
2479,2024-04-13 06:00:00,1015.0,Apparel,4,9.26,West
2480,2024-04-13 07:00:00,,Home Goods,4,43.48,South
2481,2024-04-13 08:00:00,1130.0,Apparel,7,41.05,West
2482,2024-04-13 09:00:00,1172.0,electronics,-5,56.6,North
2483,2024-04-13 10:00:00,1036.0,Home Goods,1,45.4,West
2484,2024-04-13 11:00:00,1064.0,Electronics,2,56.64,North
2485,2024-04-13 12:00:00,1068.0,Electronics,3,20.09,East
2486,2024-04-13 13:00:00,1072.0,Books,1,44.79,South
2487,2024-04-13 14:00:00,1048.0,Books,2,18.18,East
2488,2024-04-13 15:00:00,1011.0,Home Goods,6,52.74,North
2489,2024-04-13 16:00:00,1105.0,Electronics,1,7.43,West
2490,2024-04-13 17:00:00,1071.0,Electronics,2,51.97,East
2491,2024-04-13 18:00:00,1068.0,Electronics,4,15.62,West
2492,2024-04-13 19:00:00,1052.0,Apparel,1,37.33,East
2493,2024-04-13 20:00:00,1185.0,electronics,2,62.9,East
2494,2024-04-13 21:00:00,1122.0,electronics,7,49.55,West
2495,2024-04-13 22:00:00,1083.0,Books,5,12.09,North
2496,2024-04-13 23:00:00,1041.0,Books,7,31.55,East
2497,2024-04-14 00:00:00,1160.0,Apparel,3,14.97,South
2498,2024-04-14 01:00:00,1177.0,electronics,5,11.1,West
2499,2024-04-14 02:00:00,1006.0,Home Goods,2,47.35,North
2500,2024-04-14 03:00:00,1185.0,electronics,3,56.21,South
2501,2024-04-14 04:00:00,1139.0,Books,2,53.81,East
2502,2024-04-14 05:00:00,1019.0,Electronics,6,57.05,South
2503,2024-04-14 06:00:00,1150.0,Apparel,2,44.76,North
2504,2024-04-14 07:00:00,1021.0,Home Goods,2,39.53,South
2505,2024-04-14 08:00:00,1010.0,Apparel,4,23.54,West
2506,2024-04-14 09:00:00,,Home Goods,4,36.2,North
2507,2024-04-14 10:00:00,1091.0,Electronics,3,18.57,South
2508,2024-04-14 11:00:00,1123.0,Apparel,3,28.1,
2509,2024-04-14 12:00:00,1081.0,Apparel,3,46.78,West
2510,2024-04-14 13:00:00,1024.0,Home Goods,7,42.64,North
2511,2024-04-14 14:00:00,1039.0,electronics,5,106.29,East
2512,2024-04-14 15:00:00,1170.0,electronics,7,18.08,North
2513,2024-04-14 16:00:00,1192.0,Home Goods,7,42.5,West
2514,2024-04-14 17:00:00,1150.0,electronics,5,16.53,South
2515,2024-04-14 18:00:00,1020.0,electronics,6,37.24,South
2516,2024-04-14 19:00:00,1163.0,electronics,1,38.06,South
2517,2024-04-14 20:00:00,1138.0,Electronics,7,61.9,East
2518,2024-04-14 21:00:00,1105.0,Books,4,36.01,North
2519,2024-04-14 22:00:00,1028.0,electronics,5,41.17,West
2520,2024-04-14 23:00:00,1199.0,Electronics,2,36.39,East
2521,2024-04-15 00:00:00,1088.0,Electronics,1,16.98,East
2522,2024-04-15 01:00:00,1008.0,Books,7,31.96,West
2523,2024-04-15 02:00:00,1041.0,Home Goods,4,37.36,North
2524,2024-04-15 03:00:00,1080.0,electronics,1,46.48,North
2525,2024-04-15 04:00:00,1012.0,Home Goods,5,56.18,South
2526,2024-04-15 05:00:00,1064.0,Electronics,1,40.31,West
2527,2024-04-15 06:00:00,1093.0,electronics,4,39.96,North
2528,2024-04-15 07:00:00,,electronics,5,10.58,West
2529,2024-04-15 08:00:00,1017.0,Books,6,55.79,East
2530,2024-04-15 09:00:00,,Electronics,4,31.08,East
2531,2024-04-15 10:00:00,1183.0,Home Goods,3,59.94,East
2532,2024-04-15 11:00:00,1161.0,Apparel,6,71.33,North
2533,2024-04-15 12:00:00,1184.0,Books,2,41.24,South
2534,2024-04-15 13:00:00,1034.0,Home Goods,-1,24.53,West
2535,2024-04-15 14:00:00,1160.0,electronics,2,44.67,South
2536,2024-04-15 15:00:00,1195.0,electronics,6,51.97,East
2537,2024-04-15 16:00:00,1065.0,electronics,4,38.69,West
2538,2024-04-15 17:00:00,1099.0,Apparel,1,33.72,North
2539,2024-04-15 18:00:00,1106.0,electronics,2,56.27,South
2540,2024-04-15 19:00:00,1098.0,Apparel,1,54.95,South
2541,2024-04-15 20:00:00,1057.0,Apparel,6,38.07,North
2542,2024-04-15 21:00:00,1194.0,Books,4,11.92,West
2543,2024-04-15 22:00:00,1191.0,electronics,1,54.13,
2544,2024-04-15 23:00:00,,Books,2,29.65,South
2545,2024-04-16 00:00:00,1161.0,Home Goods,5,49.29,West
2546,2024-04-16 01:00:00,1079.0,Apparel,5,48.02,North
2547,2024-04-16 02:00:00,1158.0,Apparel,6,7.22,
2548,2024-04-16 03:00:00,1116.0,Books,1,46.62,West
2549,2024-04-16 04:00:00,1094.0,Home Goods,1,55.29,North
2550,2024-04-16 05:00:00,1025.0,Apparel,1,57.74,East
2551,2024-04-16 06:00:00,1130.0,electronics,3,47.35,West
2552,2024-04-16 07:00:00,1064.0,Home Goods,6,5.46,South
2553,2024-04-16 08:00:00,1043.0,Home Goods,5,70.54,South
2554,2024-04-16 09:00:00,1038.0,Apparel,2,53.22,East
2555,2024-04-16 10:00:00,1196.0,Apparel,5,20.93,North
2556,2024-04-16 11:00:00,1020.0,Electronics,5,29.24,North
2557,2024-04-16 12:00:00,1159.0,Books,2,49.62,South
2558,2024-04-16 13:00:00,,Apparel,6,58.6,West
2559,2024-04-16 14:00:00,1006.0,Electronics,3,35.24,South
2560,2024-04-16 15:00:00,1117.0,Books,1,61.51,East
2561,2024-04-16 16:00:00,1115.0,Apparel,3,9.14,North
2562,2024-04-16 17:00:00,1071.0,Electronics,6,24.15,North
2563,2024-04-16 18:00:00,1133.0,Home Goods,5,3.71,East
2564,2024-04-16 19:00:00,,Books,2,27.05,North
2565,2024-04-16 20:00:00,1087.0,electronics,6,75.16,East
2566,2024-04-16 21:00:00,1086.0,Books,3,86.16,South
2567,2024-04-16 22:00:00,1160.0,Home Goods,4,49.69,East
2568,2024-04-16 23:00:00,1126.0,electronics,1,32.23,South
2569,2024-04-17 00:00:00,1075.0,electronics,7,40.57,West
2570,2024-04-17 01:00:00,1185.0,Home Goods,6,54.47,North
2571,2024-04-17 02:00:00,1160.0,Apparel,2,13.74,West
2572,2024-04-17 03:00:00,1186.0,Books,4,33.55,South
2573,2024-04-17 04:00:00,1146.0,Electronics,6,73.7,North
2574,2024-04-17 05:00:00,1078.0,Books,4,24.09,East
2575,2024-04-17 06:00:00,1154.0,Home Goods,2,30.02,North
2576,2024-04-17 07:00:00,1065.0,Electronics,7,45.26,South
2577,2024-04-17 08:00:00,1054.0,Books,2,50.66,West
2578,2024-04-17 09:00:00,1090.0,electronics,3,32.5,West
2579,2024-04-17 10:00:00,1193.0,Apparel,3,46.54,East
2580,2024-04-17 11:00:00,1113.0,Apparel,7,57.16,
2581,2024-04-17 12:00:00,1076.0,Electronics,4,84.23,South
2582,2024-04-17 13:00:00,1092.0,electronics,6,42.48,North
2583,2024-04-17 14:00:00,1058.0,Apparel,7,44.17,West
2584,2024-04-17 15:00:00,1131.0,electronics,7,75.55,North
2585,2024-04-17 16:00:00,1070.0,Electronics,6,34.02,North
2586,2024-04-17 17:00:00,1110.0,Electronics,7,18.51,North
2587,2024-04-17 18:00:00,1073.0,Books,7,50.0,South
2588,2024-04-17 19:00:00,1064.0,Electronics,7,66.52,South
2589,2024-04-17 20:00:00,1194.0,Electronics,5,52.22,South
2590,2024-04-17 21:00:00,1069.0,Home Goods,1,43.06,East
2591,2024-04-17 22:00:00,1014.0,Electronics,1,16.03,West
2592,2024-04-17 23:00:00,1075.0,Apparel,6,43.83,West
2593,2024-04-18 00:00:00,1106.0,Home Goods,3,69.66,North
2594,2024-04-18 01:00:00,1018.0,Apparel,6,20.32,North
2595,2024-04-18 02:00:00,1061.0,Home Goods,7,40.11,East
2596,2024-04-18 03:00:00,1033.0,Apparel,5,37.25,North
2597,2024-04-18 04:00:00,1100.0,Apparel,6,31.05,South
2598,2024-04-18 05:00:00,1144.0,Home Goods,2,49.96,East
2599,2024-04-18 06:00:00,1193.0,Electronics,4,53.87,West
2600,2024-04-18 07:00:00,1077.0,electronics,7,53.66,North
2601,2024-04-18 08:00:00,1172.0,Electronics,6,25.46,East
2602,2024-04-18 09:00:00,1042.0,Electronics,2,12.08,East
2603,2024-04-18 10:00:00,1156.0,electronics,7,50.25,West
2604,2024-04-18 11:00:00,1112.0,electronics,4,34.88,South
2605,2024-04-18 12:00:00,1151.0,Electronics,6,81.77,West
2606,2024-04-18 13:00:00,1151.0,electronics,4,82.69,West
2607,2024-04-18 14:00:00,,Home Goods,5,84.81,North
2608,2024-04-18 15:00:00,1051.0,Electronics,2,26.2,East
2609,2024-04-18 16:00:00,1105.0,electronics,3,56.39,East
2610,2024-04-18 17:00:00,1165.0,Electronics,6,62.42,South
2611,2024-04-18 18:00:00,1194.0,Electronics,6,60.17,South
2612,2024-04-18 19:00:00,1185.0,Electronics,1,37.91,South
2613,2024-04-18 20:00:00,1036.0,Home Goods,1,70.58,West
2614,2024-04-18 21:00:00,1119.0,Apparel,5,45.01,North
2615,2024-04-18 22:00:00,1020.0,Apparel,4,47.56,East
2616,2024-04-18 23:00:00,1133.0,Apparel,6,14.24,North
2617,2024-04-19 00:00:00,1198.0,Apparel,1,57.9,East
2618,2024-04-19 01:00:00,1010.0,Books,3,39.79,East
2619,2024-04-19 02:00:00,1131.0,electronics,1,54.3,East
2620,2024-04-19 03:00:00,1189.0,Apparel,5,49.7,East
2621,2024-04-19 04:00:00,1169.0,Books,7,48.62,South
2622,2024-04-19 05:00:00,1078.0,Home Goods,2,44.09,South
2623,2024-04-19 06:00:00,1020.0,Books,3,60.73,West
2624,2024-04-19 07:00:00,1184.0,Electronics,6,41.02,North
2625,2024-04-19 08:00:00,1184.0,Books,1,15.9,West
2626,2024-04-19 09:00:00,1115.0,Home Goods,7,56.38,East
2627,2024-04-19 10:00:00,1195.0,electronics,7,28.82,West
2628,2024-04-19 11:00:00,1000.0,Electronics,2,18.51,South
2629,2024-04-19 12:00:00,1123.0,Apparel,1,24.56,East
2630,2024-04-19 13:00:00,1007.0,Home Goods,5,50.67,North
2631,2024-04-19 14:00:00,1187.0,electronics,1,43.07,West
2632,2024-04-19 15:00:00,1136.0,electronics,4,2.35,East
2633,2024-04-19 16:00:00,1182.0,Books,1,37.33,East
2634,2024-04-19 17:00:00,1112.0,Home Goods,4,68.38,West
2635,2024-04-19 18:00:00,1016.0,Electronics,3,35.97,South
2636,2024-04-19 19:00:00,,electronics,5,41.69,East
2637,2024-04-19 20:00:00,1067.0,Electronics,7,65.86,West
2638,2024-04-19 21:00:00,1148.0,Apparel,4,60.91,North
2639,2024-04-19 22:00:00,1030.0,Books,5,65.44,West
2640,2024-04-19 23:00:00,1170.0,Books,5,-10.45,West
2641,2024-04-20 00:00:00,1047.0,Apparel,7,79.67,
2642,2024-04-20 01:00:00,1099.0,Apparel,2,57.73,West
2643,2024-04-20 02:00:00,1040.0,Home Goods,2,94.23,South
2644,2024-04-20 03:00:00,1093.0,Apparel,3,29.35,East
2645,2024-04-20 04:00:00,1090.0,Electronics,6,9.73,North
2646,2024-04-20 05:00:00,1001.0,Home Goods,7,45.14,West
2647,2024-04-20 06:00:00,1113.0,Home Goods,2,39.49,North
2648,2024-04-20 07:00:00,1157.0,Electronics,1,58.07,West
2649,2024-04-20 08:00:00,1187.0,Home Goods,5,66.5,South
2650,2024-04-20 09:00:00,1066.0,Apparel,5,43.25,North
2651,2024-04-20 10:00:00,1176.0,electronics,3,40.19,North
2652,2024-04-20 11:00:00,1175.0,Home Goods,2,55.45,East
2653,2024-04-20 12:00:00,1197.0,electronics,6,39.87,North
2654,2024-04-20 13:00:00,1074.0,electronics,6,38.2,North
2655,2024-04-20 14:00:00,1170.0,Electronics,6,65.74,North
2656,2024-04-20 15:00:00,1113.0,electronics,5,70.2,South
2657,2024-04-20 16:00:00,1011.0,Books,2,66.68,West
2658,2024-04-20 17:00:00,1054.0,Books,3,41.64,East
2659,2024-04-20 18:00:00,1134.0,Apparel,1,2.2,South
2660,2024-04-20 19:00:00,1032.0,Apparel,2,42.04,North
2661,2024-04-20 20:00:00,1086.0,Apparel,4,29.84,North
2662,2024-04-20 21:00:00,1154.0,Home Goods,4,42.41,South
2663,2024-04-20 22:00:00,1029.0,Home Goods,1,31.58,North
2664,2024-04-20 23:00:00,1099.0,Apparel,7,44.59,North
2665,2024-04-21 00:00:00,1042.0,Apparel,2,24.21,North
2666,2024-04-21 01:00:00,1107.0,Home Goods,4,19.39,South
2667,2024-04-21 02:00:00,1048.0,Home Goods,4,69.45,West
2668,2024-04-21 03:00:00,1193.0,Home Goods,4,25.61,North
2669,2024-04-21 04:00:00,1015.0,electronics,6,45.01,East
2670,2024-04-21 05:00:00,1192.0,electronics,6,64.09,East
2671,2024-04-21 06:00:00,1158.0,Electronics,7,63.29,West
2672,2024-04-21 07:00:00,1171.0,Home Goods,3,60.9,North
2673,2024-04-21 08:00:00,1170.0,Apparel,2,51.06,West
2674,2024-04-21 09:00:00,1037.0,Apparel,3,59.48,West
2675,2024-04-21 10:00:00,1186.0,Books,4,72.46,
2676,2024-04-21 11:00:00,1118.0,Electronics,3,53.5,West
2677,2024-04-21 12:00:00,1192.0,Apparel,4,8.26,North
2678,2024-04-21 13:00:00,1175.0,Apparel,2,34.43,West
2679,2024-04-21 14:00:00,1115.0,Home Goods,5,58.93,West
2680,2024-04-21 15:00:00,1074.0,electronics,5,32.46,North
2681,2024-04-21 16:00:00,1023.0,electronics,4,77.4,North
2682,2024-04-21 17:00:00,1020.0,Apparel,7,43.74,West
2683,2024-04-21 18:00:00,1077.0,Books,7,46.7,North
2684,2024-04-21 19:00:00,1162.0,Apparel,7,67.49,West
2685,2024-04-21 20:00:00,1101.0,Home Goods,1,41.34,South
2686,2024-04-21 21:00:00,1096.0,Apparel,7,48.53,West
2687,2024-04-21 22:00:00,1048.0,Electronics,3,62.98,North
2688,2024-04-21 23:00:00,1112.0,Apparel,4,15.55,West
2689,2024-04-22 00:00:00,1127.0,Electronics,3,39.29,East
2690,2024-04-22 01:00:00,1196.0,Books,2,61.58,West
2691,2024-04-22 02:00:00,1145.0,Books,7,46.31,North
2692,2024-04-22 03:00:00,1121.0,Home Goods,5,74.35,North
2693,2024-04-22 04:00:00,1182.0,electronics,7,13.48,North
2694,2024-04-22 05:00:00,1084.0,Apparel,7,11.2,North
2695,2024-04-22 06:00:00,1186.0,Apparel,3,60.39,
2696,2024-04-22 07:00:00,1073.0,Apparel,6,62.32,North
2697,2024-04-22 08:00:00,1025.0,Home Goods,4,41.13,North
2698,2024-04-22 09:00:00,1083.0,electronics,4,53.01,West
2699,2024-04-22 10:00:00,1025.0,Electronics,6,59.9,South
2700,2024-04-22 11:00:00,1023.0,electronics,5,28.72,North
2701,2024-04-22 12:00:00,1176.0,Home Goods,7,30.86,East
2702,2024-04-22 13:00:00,1158.0,Home Goods,6,4999.99,South
2703,2024-04-22 14:00:00,1044.0,Home Goods,5,63.08,West
2704,2024-04-22 15:00:00,,electronics,7,21.68,East
2705,2024-04-22 16:00:00,1013.0,Books,1,41.04,South
2706,2024-04-22 17:00:00,1056.0,electronics,6,40.12,East
2707,2024-04-22 18:00:00,1141.0,Books,3,53.36,West
2708,2024-04-22 19:00:00,1060.0,electronics,4,44.83,South
2709,2024-04-22 20:00:00,1146.0,Home Goods,6,34.08,West
2710,2024-04-22 21:00:00,1174.0,Apparel,2,69.97,South
2711,2024-04-22 22:00:00,1013.0,electronics,7,34.21,East
2712,2024-04-22 23:00:00,1004.0,electronics,4,39.16,West
2713,2024-04-23 00:00:00,1188.0,electronics,3,13.17,North
2714,2024-04-23 01:00:00,1104.0,Books,3,30.73,South
2715,2024-04-23 02:00:00,1101.0,Electronics,3,55.32,North
2716,2024-04-23 03:00:00,1092.0,Home Goods,7,51.41,West
2717,2024-04-23 04:00:00,1086.0,Apparel,1,56.99,East
2718,2024-04-23 05:00:00,1138.0,Apparel,4,56.02,South
2719,2024-04-23 06:00:00,1115.0,Home Goods,6,86.75,North
2720,2024-04-23 07:00:00,1032.0,Electronics,4,30.04,West
2721,2024-04-23 08:00:00,1125.0,Electronics,4,12.61,South
2722,2024-04-23 09:00:00,1133.0,Home Goods,3,23.99,South
2723,2024-04-23 10:00:00,1022.0,Books,1,30.93,North
2724,2024-04-23 11:00:00,1075.0,Electronics,5,25.51,East
2725,2024-04-23 12:00:00,1158.0,Books,7,46.87,South
2726,2024-04-23 13:00:00,1123.0,Apparel,4,70.05,West
2727,2024-04-23 14:00:00,1027.0,Electronics,4,75.79,East
2728,2024-04-23 15:00:00,1008.0,electronics,1,55.09,North
2729,2024-04-23 16:00:00,,electronics,7,87.83,East
2730,2024-04-23 17:00:00,1092.0,Books,7,37.87,North
2731,2024-04-23 18:00:00,1192.0,Home Goods,7,12.35,North
2732,2024-04-23 19:00:00,1104.0,electronics,3,66.06,East
2733,2024-04-23 20:00:00,1186.0,electronics,5,8.23,North
2734,2024-04-23 21:00:00,1042.0,Home Goods,4,29.9,West
2735,2024-04-23 22:00:00,1089.0,Electronics,2,55.4,East
2736,2024-04-23 23:00:00,1027.0,electronics,2,42.95,North
2737,2024-04-24 00:00:00,1114.0,Electronics,3,41.18,
2738,2024-04-24 01:00:00,1037.0,Apparel,4,21.38,East
2739,2024-04-24 02:00:00,1098.0,Apparel,1,44.78,North
2740,2024-04-24 03:00:00,1068.0,Home Goods,5,65.07,East
2741,2024-04-24 04:00:00,1037.0,Electronics,4,45.4,West
2742,2024-04-24 05:00:00,1019.0,electronics,7,28.4,South
2743,2024-04-24 06:00:00,1102.0,Books,2,20.05,South
2744,2024-04-24 07:00:00,1189.0,electronics,1,28.81,South
2745,2024-04-24 08:00:00,1039.0,Electronics,3,52.85,South
2746,2024-04-24 09:00:00,1080.0,Electronics,7,51.87,North
2747,2024-04-24 10:00:00,1044.0,Books,3,28.99,East
2748,2024-04-24 11:00:00,1161.0,Electronics,5,0.78,West
2749,2024-04-24 12:00:00,1082.0,Home Goods,6,53.4,West
2750,2024-04-24 13:00:00,1194.0,Books,2,27.05,North
2751,2024-04-24 14:00:00,1049.0,Apparel,5,58.78,South
2752,2024-04-24 15:00:00,1016.0,Home Goods,2,29.88,North
2753,2024-04-24 16:00:00,1116.0,electronics,3,25.24,South
2754,2024-04-24 17:00:00,1130.0,Electronics,3,48.06,East
2755,2024-04-24 18:00:00,1198.0,Electronics,5,92.15,South
2756,2024-04-24 19:00:00,,Books,7,59.98,West
2757,2024-04-24 20:00:00,1176.0,Electronics,2,47.72,South
2758,2024-04-24 21:00:00,1126.0,Electronics,3,52.18,East
2759,2024-04-24 22:00:00,1071.0,Books,6,9.98,West
2760,2024-04-24 23:00:00,1085.0,Home Goods,4,22.55,East
2761,2024-04-25 00:00:00,1026.0,electronics,4,-5.22,West
2762,2024-04-25 01:00:00,1086.0,Apparel,5,79.6,West
2763,2024-04-25 02:00:00,1072.0,Home Goods,1,75.55,East
2764,2024-04-25 03:00:00,1007.0,Books,7,52.86,South
2765,2024-04-25 04:00:00,1040.0,Home Goods,3,47.7,South
2766,2024-04-25 05:00:00,1106.0,Apparel,5,13.97,West
2767,2024-04-25 06:00:00,1073.0,Books,4,40.61,North
2768,2024-04-25 07:00:00,1198.0,Home Goods,6,80.85,West
2769,2024-04-25 08:00:00,1095.0,electronics,5,47.63,South
2770,2024-04-25 09:00:00,1191.0,Books,2,33.71,West
2771,2024-04-25 10:00:00,1132.0,electronics,2,9.84,South
2772,2024-04-25 11:00:00,1008.0,Electronics,7,72.61,West
2773,2024-04-25 12:00:00,1040.0,Home Goods,4,43.6,North
2774,2024-04-25 13:00:00,1141.0,Books,2,9.87,South
2775,2024-04-25 14:00:00,1109.0,Electronics,2,26.51,West
2776,2024-04-25 15:00:00,1060.0,Books,1,19.45,South
2777,2024-04-25 16:00:00,1104.0,Books,7,42.37,South
2778,2024-04-25 17:00:00,1180.0,Books,7,49.15,West
2779,2024-04-25 18:00:00,1077.0,Home Goods,3,34.94,West
2780,2024-04-25 19:00:00,1009.0,electronics,2,60.54,North
2781,2024-04-25 20:00:00,1062.0,Home Goods,3,46.58,East
2782,2024-04-25 21:00:00,1187.0,Electronics,1,66.25,North
2783,2024-04-25 22:00:00,1152.0,Books,4,37.86,North
2784,2024-04-25 23:00:00,1167.0,Apparel,5,105.91,East
2785,2024-04-26 00:00:00,1182.0,Home Goods,7,33.71,North
2786,2024-04-26 01:00:00,1023.0,Home Goods,3,26.93,South
2787,2024-04-26 02:00:00,1056.0,Apparel,2,24.47,South
2788,2024-04-26 03:00:00,1011.0,Home Goods,1,40.78,West
2789,2024-04-26 04:00:00,1000.0,Books,3,10.61,East
2790,2024-04-26 05:00:00,1166.0,Books,5,50.89,North
2791,2024-04-26 06:00:00,1187.0,Books,1,6.89,West
2792,2024-04-26 07:00:00,1031.0,Apparel,6,48.23,West
2793,2024-04-26 08:00:00,1144.0,Apparel,4,17.97,South
2794,2024-04-26 09:00:00,1106.0,electronics,6,37.37,
2795,2024-04-26 10:00:00,1013.0,Electronics,4,57.09,South
2796,2024-04-26 11:00:00,1183.0,Home Goods,2,91.08,South
2797,2024-04-26 12:00:00,1174.0,Books,1,23.44,South
2798,2024-04-26 13:00:00,1113.0,Electronics,4,41.99,North
2799,2024-04-26 14:00:00,1141.0,Home Goods,4,30.52,East
2800,2024-04-26 15:00:00,1079.0,Electronics,6,27.6,East
2801,2024-04-26 16:00:00,1158.0,Home Goods,7,30.7,West
2802,2024-04-26 17:00:00,1089.0,Electronics,2,61.48,South
2803,2024-04-26 18:00:00,1197.0,Apparel,3,35.24,North
2804,2024-04-26 19:00:00,1012.0,Books,2,89.99,South
2805,2024-04-26 20:00:00,1034.0,Apparel,1,53.32,North
2806,2024-04-26 21:00:00,1193.0,Apparel,1,24.8,West
2807,2024-04-26 22:00:00,1057.0,electronics,1,37.67,East
2808,2024-04-26 23:00:00,1062.0,Home Goods,4,28.96,West
2809,2024-04-27 00:00:00,1158.0,Electronics,2,61.0,West
2810,2024-04-27 01:00:00,1037.0,electronics,2,12.22,South
2811,2024-04-27 02:00:00,1102.0,Home Goods,1,18.18,North
2812,2024-04-27 03:00:00,1057.0,Apparel,6,33.17,South
2813,2024-04-27 04:00:00,1039.0,Electronics,5,58.66,West
2814,2024-04-27 05:00:00,1192.0,Books,7,69.66,South
2815,2024-04-27 06:00:00,1039.0,Home Goods,1,72.61,North
2816,2024-04-27 07:00:00,1018.0,Books,2,55.6,East
2817,2024-04-27 08:00:00,1134.0,Home Goods,4,43.34,North
2818,2024-04-27 09:00:00,1173.0,Home Goods,5,60.89,East
2819,2024-04-27 10:00:00,1025.0,Apparel,1,22.11,North
2820,2024-04-27 11:00:00,1141.0,Books,2,8.11,East
2821,2024-04-27 12:00:00,1108.0,Electronics,3,53.73,South
2822,2024-04-27 13:00:00,1166.0,Home Goods,1,24.89,West
2823,2024-04-27 14:00:00,1025.0,Electronics,3,43.69,West
2824,2024-04-27 15:00:00,1195.0,Home Goods,6,47.39,North
2825,2024-04-27 16:00:00,1123.0,Books,4,49.96,West
2826,2024-04-27 17:00:00,1168.0,Books,4,63.76,West
2827,2024-04-27 18:00:00,1072.0,electronics,4,61.64,East
2828,2024-04-27 19:00:00,1188.0,electronics,7,48.9,West
2829,2024-04-27 20:00:00,1125.0,Home Goods,4,36.16,West
2830,2024-04-27 21:00:00,1025.0,electronics,4,47.16,North
2831,2024-04-27 22:00:00,1184.0,Electronics,7,33.08,South
2832,2024-04-27 23:00:00,1159.0,electronics,2,41.07,South
2833,2024-04-28 00:00:00,1060.0,Home Goods,1,97.36,East
2834,2024-04-28 01:00:00,1109.0,Home Goods,4,48.64,West
2835,2024-04-28 02:00:00,1077.0,Books,3,54.0,East
2836,2024-04-28 03:00:00,1108.0,Home Goods,2,30.89,South
2837,2024-04-28 04:00:00,1193.0,electronics,1,65.4,West
2838,2024-04-28 05:00:00,1179.0,Apparel,7,60.21,East
2839,2024-04-28 06:00:00,1043.0,Apparel,5,60.35,South
2840,2024-04-28 07:00:00,1194.0,Home Goods,5,49.3,West
2841,2024-04-28 08:00:00,1087.0,Home Goods,1,65.68,South
2842,2024-04-28 09:00:00,1140.0,electronics,3,70.43,East
2843,2024-04-28 10:00:00,1152.0,Books,5,50.66,South
2844,2024-04-28 11:00:00,1096.0,Books,4,42.71,West
2845,2024-04-28 12:00:00,1091.0,Electronics,5,62.89,South
2846,2024-04-28 13:00:00,1091.0,electronics,5,26.92,South
2847,2024-04-28 14:00:00,1172.0,electronics,3,30.64,East
2848,2024-04-28 15:00:00,1077.0,Books,6,43.93,West
2849,2024-04-28 16:00:00,1055.0,Electronics,2,10.17,North
2850,2024-04-28 17:00:00,1072.0,electronics,1,61.55,North
2851,2024-04-28 18:00:00,1038.0,electronics,7,25.74,West
2852,2024-04-28 19:00:00,1078.0,Home Goods,1,35.57,West
2853,2024-04-28 20:00:00,1022.0,electronics,2,40.73,South
2854,2024-04-28 21:00:00,1017.0,Home Goods,1,45.79,South
2855,2024-04-28 22:00:00,1144.0,Apparel,2,38.13,South
2856,2024-04-28 23:00:00,1015.0,Books,3,43.65,East
2857,2024-04-29 00:00:00,1113.0,Electronics,1,43.81,East
2858,2024-04-29 01:00:00,1155.0,Electronics,4,36.06,West
2859,2024-04-29 02:00:00,1144.0,Electronics,7,29.54,North
2860,2024-04-29 03:00:00,1089.0,Books,1,66.63,West
2861,2024-04-29 04:00:00,1038.0,Apparel,7,2.91,North
2862,2024-04-29 05:00:00,1186.0,Home Goods,3,40.89,West
2863,2024-04-29 06:00:00,1167.0,Apparel,5,35.62,North
2864,2024-04-29 07:00:00,1122.0,Home Goods,4,53.38,North
2865,2024-04-29 08:00:00,1017.0,electronics,3,15.91,North
2866,2024-04-29 09:00:00,1007.0,Home Goods,1,35.0,North
2867,2024-04-29 10:00:00,1063.0,Apparel,5,42.95,South
2868,2024-04-29 11:00:00,1031.0,Electronics,7,66.4,East
2869,2024-04-29 12:00:00,1172.0,Apparel,4,51.64,West
2870,2024-04-29 13:00:00,1041.0,Home Goods,5,21.33,East
2871,2024-04-29 14:00:00,1056.0,Electronics,5,35.25,East
2872,2024-04-29 15:00:00,1195.0,electronics,3,62.72,South
2873,2024-04-29 16:00:00,1163.0,Home Goods,1,20.98,West
2874,2024-04-29 17:00:00,1043.0,electronics,4,43.43,North
2875,2024-04-29 18:00:00,1076.0,electronics,7,44.82,South
2876,2024-04-29 19:00:00,1103.0,Apparel,3,37.28,North
2877,2024-04-29 20:00:00,1132.0,Home Goods,7,98.92,North
2878,2024-04-29 21:00:00,1187.0,Home Goods,6,36.75,East
2879,2024-04-29 22:00:00,1174.0,Apparel,2,54.0,North
2880,2024-04-29 23:00:00,1195.0,Electronics,5,29.67,North
2881,2024-04-30 00:00:00,1008.0,electronics,6,55.55,West
2882,2024-04-30 01:00:00,1047.0,Electronics,4,62.42,North
2883,2024-04-30 02:00:00,1112.0,Books,5,33.24,East
2884,2024-04-30 03:00:00,1009.0,Electronics,7,43.91,South
2885,2024-04-30 04:00:00,1071.0,Books,5,27.09,West
2886,2024-04-30 05:00:00,1030.0,Electronics,6,22.11,East
2887,2024-04-30 06:00:00,1186.0,electronics,6,65.74,North
2888,2024-04-30 07:00:00,1012.0,Apparel,6,33.92,West
2889,2024-04-30 08:00:00,1029.0,Books,6,-3.27,South
2890,2024-04-30 09:00:00,1039.0,Electronics,2,80.31,South
2891,2024-04-30 10:00:00,1029.0,electronics,1,28.96,East
2892,2024-04-30 11:00:00,1113.0,Books,2,40.07,East
2893,2024-04-30 12:00:00,1072.0,electronics,2,77.82,South
2894,2024-04-30 13:00:00,1182.0,electronics,5,42.17,South
2895,2024-04-30 14:00:00,1052.0,Apparel,4,41.73,North
2896,2024-04-30 15:00:00,1107.0,Electronics,4,20.44,East
2897,2024-04-30 16:00:00,1132.0,Books,1,12.3,West
2898,2024-04-30 17:00:00,1125.0,Books,5,41.67,South
2899,2024-04-30 18:00:00,1159.0,Books,3,52.26,
2900,2024-04-30 19:00:00,1040.0,electronics,6,51.11,North
2901,2024-04-30 20:00:00,1101.0,Electronics,1,35.37,West
2902,2024-04-30 21:00:00,1160.0,Home Goods,3,45.41,West
2903,2024-04-30 22:00:00,1172.0,electronics,1,8.26,East
2904,2024-04-30 23:00:00,1123.0,Books,2,54.2,North
2905,2024-05-01 00:00:00,1130.0,Apparel,7,48.23,South
2906,2024-05-01 01:00:00,1172.0,Books,4,84.47,North
2907,2024-05-01 02:00:00,1124.0,Apparel,4,45.15,East
2908,2024-05-01 03:00:00,1189.0,Apparel,2,26.15,
2909,2024-05-01 04:00:00,1025.0,Electronics,2,43.99,South
2910,2024-05-01 05:00:00,1069.0,Electronics,5,38.44,North
2911,2024-05-01 06:00:00,1022.0,Electronics,7,53.69,South
2912,2024-05-01 07:00:00,1018.0,Home Goods,6,45.54,East
2913,2024-05-01 08:00:00,1094.0,electronics,6,19.8,East
2914,2024-05-01 09:00:00,1045.0,Books,-4,12.29,North
2915,2024-05-01 10:00:00,1081.0,Electronics,1,50.26,West
2916,2024-05-01 11:00:00,1087.0,Books,6,72.66,North
2917,2024-05-01 12:00:00,1124.0,Apparel,6,46.59,East
2918,2024-05-01 13:00:00,1189.0,Electronics,4,61.27,South
2919,2024-05-01 14:00:00,1169.0,Electronics,1,65.26,North
2920,2024-05-01 15:00:00,1075.0,electronics,5,50.34,East
2921,2024-05-01 16:00:00,1065.0,electronics,7,28.71,East
2922,2024-05-01 17:00:00,1154.0,electronics,2,48.91,South
2923,2024-05-01 18:00:00,1024.0,Home Goods,2,69.14,West
2924,2024-05-01 19:00:00,1108.0,Electronics,6,55.6,East
2925,2024-05-01 20:00:00,1084.0,Electronics,3,59.96,South
2926,2024-05-01 21:00:00,1036.0,Apparel,6,35.75,West
2927,2024-05-01 22:00:00,1123.0,Books,5,40.95,West
2928,2024-05-01 23:00:00,1064.0,electronics,-2,42.63,North
2929,2024-05-02 00:00:00,,Books,1,43.97,West
2930,2024-05-02 01:00:00,1130.0,electronics,4,68.36,West
2931,2024-05-02 02:00:00,1034.0,electronics,3,-1.94,North
2932,2024-05-02 03:00:00,1134.0,Electronics,6,45.61,East
2933,2024-05-02 04:00:00,,Home Goods,3,43.41,North
2934,2024-05-02 05:00:00,1086.0,Home Goods,2,17.57,East
2935,2024-05-02 06:00:00,1161.0,Apparel,7,58.44,West
2936,2024-05-02 07:00:00,,Electronics,6,30.51,South
2937,2024-05-02 08:00:00,1153.0,Electronics,5,4999.99,East
2938,2024-05-02 09:00:00,1144.0,Home Goods,7,81.98,North
2939,2024-05-02 10:00:00,1180.0,Electronics,6,65.2,East
2940,2024-05-02 11:00:00,1033.0,Electronics,7,56.49,West
2941,2024-05-02 12:00:00,1143.0,Apparel,6,52.62,North
2942,2024-05-02 13:00:00,1187.0,Books,3,41.71,East
2943,2024-05-02 14:00:00,1152.0,Home Goods,1,84.99,South
2944,2024-05-02 15:00:00,1037.0,Electronics,5,61.04,West
2945,2024-05-02 16:00:00,1164.0,Books,6,30.01,East
2946,2024-05-02 17:00:00,1021.0,Home Goods,7,17.0,East
2947,2024-05-02 18:00:00,,Apparel,5,56.34,South
2948,2024-05-02 19:00:00,1099.0,Electronics,4,43.88,East
2949,2024-05-02 20:00:00,1106.0,Home Goods,5,16.42,East
2950,2024-05-02 21:00:00,1103.0,Electronics,1,53.57,East
2951,2024-05-02 22:00:00,1006.0,Apparel,1,39.62,East
2952,2024-05-02 23:00:00,1101.0,electronics,1,55.61,West
2953,2024-05-03 00:00:00,1187.0,Books,7,53.83,South
2954,2024-05-03 01:00:00,1087.0,Electronics,6,32.83,North
2955,2024-05-03 02:00:00,1055.0,Apparel,2,57.66,
2956,2024-05-03 03:00:00,1198.0,Electronics,3,35.04,North
2957,2024-05-03 04:00:00,1019.0,Apparel,4,36.34,West
2958,2024-05-03 05:00:00,1097.0,Home Goods,2,34.35,East
2959,2024-05-03 06:00:00,1102.0,Books,3,67.62,West
2960,2024-05-03 07:00:00,1095.0,Apparel,3,39.39,East
2961,2024-05-03 08:00:00,1184.0,electronics,5,72.45,West
2962,2024-05-03 09:00:00,1084.0,Electronics,6,80.67,West
2963,2024-05-03 10:00:00,1194.0,Home Goods,1,30.23,East
2964,2024-05-03 11:00:00,1013.0,Home Goods,4,-13.42,South
2965,2024-05-03 12:00:00,1146.0,Electronics,7,65.89,North
2966,2024-05-03 13:00:00,1118.0,Home Goods,7,38.16,South
2967,2024-05-03 14:00:00,1048.0,electronics,6,27.68,West
2968,2024-05-03 15:00:00,1045.0,electronics,6,33.23,South
2969,2024-05-03 16:00:00,1143.0,Electronics,1,36.7,West
2970,2024-05-03 17:00:00,1127.0,electronics,7,70.94,East
2971,2024-05-03 18:00:00,1122.0,electronics,6,48.2,South
2972,2024-05-03 19:00:00,1010.0,Electronics,7,70.67,
2973,2024-05-03 20:00:00,1119.0,Home Goods,7,54.88,North
2974,2024-05-03 21:00:00,1196.0,electronics,2,38.82,East
2975,2024-05-03 22:00:00,1003.0,Electronics,1,37.19,South
2976,2024-05-03 23:00:00,1093.0,Home Goods,5,56.23,North
2977,2024-05-04 00:00:00,1098.0,Electronics,4,61.41,North
2978,2024-05-04 01:00:00,1179.0,Books,1,64.94,East
2979,2024-05-04 02:00:00,1056.0,Home Goods,2,39.77,North
2980,2024-05-04 03:00:00,1095.0,Books,7,48.5,West
2981,2024-05-04 04:00:00,1143.0,Books,3,56.68,East
2982,2024-05-04 05:00:00,1012.0,Books,2,37.32,North
2983,2024-05-04 06:00:00,1160.0,Home Goods,5,22.3,South
2984,2024-05-04 07:00:00,1164.0,Home Goods,5,28.87,North
2985,2024-05-04 08:00:00,1143.0,Apparel,3,40.18,West
2986,2024-05-04 09:00:00,1129.0,Electronics,6,58.24,East
2987,2024-05-04 10:00:00,1149.0,Books,5,70.18,North
2988,2024-05-04 11:00:00,1156.0,electronics,2,17.88,East
2989,2024-05-04 12:00:00,1180.0,Electronics,3,33.05,East
2990,2024-05-04 13:00:00,,electronics,6,37.84,East
2991,2024-05-04 14:00:00,1091.0,electronics,1,60.89,North
2992,2024-05-04 15:00:00,1127.0,Electronics,1,34.44,North
2993,2024-05-04 16:00:00,1038.0,Apparel,5,36.41,South
2994,2024-05-04 17:00:00,1171.0,Electronics,4,16.76,East
2995,2024-05-04 18:00:00,1154.0,Books,2,54.67,East
2996,2024-05-04 19:00:00,1126.0,Home Goods,4,41.77,South
2997,2024-05-04 20:00:00,1060.0,Apparel,2,31.92,North
2998,2024-05-04 21:00:00,1069.0,electronics,3,39.81,East
2999,2024-05-04 22:00:00,1086.0,Electronics,2,67.54,North
3000,2024-05-04 23:00:00,1132.0,Electronics,5,24.9,East
3001,2024-05-05 00:00:00,1155.0,Apparel,5,28.17,South
3002,2024-05-05 01:00:00,1134.0,Apparel,7,70.05,North
3003,2024-05-05 02:00:00,1185.0,electronics,1,46.52,East
3004,2024-05-05 03:00:00,1192.0,electronics,3,58.4,North
3005,2024-05-05 04:00:00,1140.0,Books,2,53.04,East
3006,2024-05-05 05:00:00,1074.0,Books,5,44.29,North
3007,2024-05-05 06:00:00,1119.0,Home Goods,4,38.03,South
3008,2024-05-05 07:00:00,1085.0,electronics,7,61.63,East
3009,2024-05-05 08:00:00,1125.0,electronics,7,68.25,North
3010,2024-05-05 09:00:00,1162.0,Home Goods,6,66.68,East
3011,2024-05-05 10:00:00,1073.0,Home Goods,-2,21.29,West
3012,2024-05-05 11:00:00,,Electronics,1,71.1,West
3013,2024-05-05 12:00:00,1009.0,Electronics,7,37.84,North
3014,2024-05-05 13:00:00,1147.0,Home Goods,7,29.9,North
3015,2024-05-05 14:00:00,1097.0,Apparel,2,41.61,South
3016,2024-05-05 15:00:00,1091.0,Electronics,1,61.62,West
3017,2024-05-05 16:00:00,1106.0,Home Goods,5,55.81,South
3018,2024-05-05 17:00:00,1043.0,Electronics,5,39.89,South
3019,2024-05-05 18:00:00,1119.0,electronics,7,61.75,West
3020,2024-05-05 19:00:00,1149.0,Apparel,5,47.8,North
3021,2024-05-05 20:00:00,1069.0,electronics,6,33.54,East
3022,2024-05-05 21:00:00,1026.0,electronics,6,30.84,South
3023,2024-05-05 22:00:00,1077.0,Books,1,53.2,East
3024,2024-05-05 23:00:00,1039.0,Electronics,2,43.35,West
3025,2024-05-06 00:00:00,1074.0,Electronics,6,17.49,South
3026,2024-05-06 01:00:00,1125.0,Books,2,61.94,East
3027,2024-05-06 02:00:00,1022.0,Home Goods,2,35.39,East
3028,2024-05-06 03:00:00,1149.0,Electronics,6,76.84,North
3029,2024-05-06 04:00:00,1044.0,Home Goods,2,16.94,West
3030,2024-05-06 05:00:00,1178.0,Home Goods,2,41.39,West
3031,2024-05-06 06:00:00,1146.0,electronics,1,31.0,West
3032,2024-05-06 07:00:00,1054.0,Home Goods,4,25.49,West
3033,2024-05-06 08:00:00,1112.0,Apparel,5,35.26,South
3034,2024-05-06 09:00:00,1022.0,electronics,6,80.41,South
3035,2024-05-06 10:00:00,1019.0,Books,7,47.87,South
3036,2024-05-06 11:00:00,1191.0,Home Goods,5,29.17,North
3037,2024-05-06 12:00:00,1160.0,Books,6,8.43,South
3038,2024-05-06 13:00:00,1030.0,Electronics,2,10.57,South
3039,2024-05-06 14:00:00,1056.0,electronics,3,34.27,North
3040,2024-05-06 15:00:00,1039.0,Apparel,3,32.33,West
3041,2024-05-06 16:00:00,1079.0,Books,1,40.52,North
3042,2024-05-06 17:00:00,1058.0,electronics,7,-0.44,East
3043,2024-05-06 18:00:00,1065.0,Books,2,43.17,West
3044,2024-05-06 19:00:00,1105.0,Electronics,4,65.55,East
3045,2024-05-06 20:00:00,1037.0,Home Goods,3,77.46,North
3046,2024-05-06 21:00:00,1176.0,electronics,1,7.11,East
3047,2024-05-06 22:00:00,1145.0,Home Goods,7,28.97,West
3048,2024-05-06 23:00:00,1152.0,Books,2,27.92,West
3049,2024-05-07 00:00:00,1033.0,Apparel,1,47.91,South
3050,2024-05-07 01:00:00,1141.0,Apparel,3,20.6,North
3051,2024-05-07 02:00:00,1167.0,electronics,2,78.65,East
3052,2024-05-07 03:00:00,1035.0,Books,7,45.87,North
3053,2024-05-07 04:00:00,1150.0,Home Goods,2,42.54,West
3054,2024-05-07 05:00:00,1071.0,Apparel,3,76.85,East
3055,2024-05-07 06:00:00,1157.0,Apparel,2,44.68,West
3056,2024-05-07 07:00:00,1095.0,Apparel,1,53.01,
3057,2024-05-07 08:00:00,1160.0,Apparel,1,29.98,East
3058,2024-05-07 09:00:00,1029.0,Home Goods,4,17.59,West
3059,2024-05-07 10:00:00,1077.0,Apparel,2,32.79,East
3060,2024-05-07 11:00:00,1054.0,Books,1,88.74,North
3061,2024-05-07 12:00:00,1049.0,electronics,3,57.66,West
3062,2024-05-07 13:00:00,1061.0,Home Goods,2,50.49,East
3063,2024-05-07 14:00:00,1076.0,Electronics,3,25.47,
3064,2024-05-07 15:00:00,1025.0,electronics,7,63.23,South
3065,2024-05-07 16:00:00,1141.0,Apparel,3,17.85,South
3066,2024-05-07 17:00:00,1110.0,Apparel,5,13.66,West
3067,2024-05-07 18:00:00,1165.0,electronics,6,33.82,North
3068,2024-05-07 19:00:00,1141.0,Home Goods,1,84.09,East
3069,2024-05-07 20:00:00,1029.0,Books,4,82.96,East
3070,2024-05-07 21:00:00,1013.0,Electronics,4,35.98,North
3071,2024-05-07 22:00:00,1084.0,Electronics,4,31.52,North
3072,2024-05-07 23:00:00,1096.0,electronics,2,12.19,West
3073,2024-05-08 00:00:00,1048.0,Apparel,4,46.56,North
3074,2024-05-08 01:00:00,1156.0,electronics,1,48.24,West
3075,2024-05-08 02:00:00,1116.0,Books,7,60.79,West
3076,2024-05-08 03:00:00,1149.0,Books,5,63.21,East
3077,2024-05-08 04:00:00,1021.0,Home Goods,1,41.05,South
3078,2024-05-08 05:00:00,1163.0,electronics,4,56.12,North
3079,2024-05-08 06:00:00,1041.0,Electronics,7,30.99,West
3080,2024-05-08 07:00:00,1089.0,Books,6,55.74,North
3081,2024-05-08 08:00:00,1087.0,Books,2,34.86,South
3082,2024-05-08 09:00:00,1164.0,Home Goods,7,54.19,West
3083,2024-05-08 10:00:00,1055.0,Home Goods,2,52.57,South
3084,2024-05-08 11:00:00,1048.0,Apparel,2,46.38,South
3085,2024-05-08 12:00:00,1067.0,Apparel,2,60.89,
3086,2024-05-08 13:00:00,1072.0,Electronics,7,13.59,North
3087,2024-05-08 14:00:00,1036.0,Apparel,6,23.7,North
3088,2024-05-08 15:00:00,1035.0,Books,4,39.6,South
3089,2024-05-08 16:00:00,1046.0,Apparel,5,16.13,West
3090,2024-05-08 17:00:00,1093.0,Home Goods,2,36.86,West
3091,2024-05-08 18:00:00,1068.0,Home Goods,1,37.51,West
3092,2024-05-08 19:00:00,1078.0,electronics,6,71.19,
3093,2024-05-08 20:00:00,1143.0,Apparel,7,47.85,North
3094,2024-05-08 21:00:00,1048.0,electronics,1,65.59,East
3095,2024-05-08 22:00:00,1181.0,electronics,1,51.03,North
3096,2024-05-08 23:00:00,1150.0,electronics,4,34.29,West
3097,2024-05-09 00:00:00,1034.0,electronics,1,47.67,West
3098,2024-05-09 01:00:00,1062.0,electronics,6,59.59,South
3099,2024-05-09 02:00:00,1036.0,Electronics,7,68.87,West
3100,2024-05-09 03:00:00,1054.0,Apparel,2,42.35,East
3101,2024-05-09 04:00:00,1073.0,Home Goods,3,12.05,North
3102,2024-05-09 05:00:00,1026.0,Books,7,10.64,East
3103,2024-05-09 06:00:00,1002.0,Electronics,3,38.47,
3104,2024-05-09 07:00:00,1087.0,Apparel,2,-1.76,South
3105,2024-05-09 08:00:00,1140.0,Electronics,1,80.9,North
3106,2024-05-09 09:00:00,1060.0,Home Goods,6,56.94,
3107,2024-05-09 10:00:00,1172.0,Home Goods,7,32.29,South
3108,2024-05-09 11:00:00,1073.0,Home Goods,1,22.81,South
3109,2024-05-09 12:00:00,1180.0,Apparel,6,65.56,East
3110,2024-05-09 13:00:00,1047.0,Books,2,22.73,East
3111,2024-05-09 14:00:00,1107.0,electronics,1,24.64,South
3112,2024-05-09 15:00:00,1152.0,Books,3,29.68,North
3113,2024-05-09 16:00:00,1011.0,Electronics,4,47.28,West
3114,2024-05-09 17:00:00,1186.0,electronics,6,57.42,East
3115,2024-05-09 18:00:00,1072.0,electronics,5,68.85,East
3116,2024-05-09 19:00:00,1099.0,Books,2,65.9,West
3117,2024-05-09 20:00:00,1125.0,Electronics,5,45.02,North
3118,2024-05-09 21:00:00,1128.0,electronics,7,65.41,West
3119,2024-05-09 22:00:00,1004.0,Home Goods,5,31.58,West
3120,2024-05-09 23:00:00,1173.0,Books,2,8.58,West
3121,2024-05-10 00:00:00,1124.0,Home Goods,1,31.58,North
3122,2024-05-10 01:00:00,1199.0,Books,4,28.87,South
3123,2024-05-10 02:00:00,1094.0,Apparel,4,32.36,East
3124,2024-05-10 03:00:00,1122.0,Apparel,3,25.81,West
3125,2024-05-10 04:00:00,1088.0,Apparel,1,35.78,
3126,2024-05-10 05:00:00,1177.0,Electronics,1,57.4,South
3127,2024-05-10 06:00:00,1166.0,Home Goods,4,79.31,East
3128,2024-05-10 07:00:00,1181.0,Home Goods,7,10.49,North
3129,2024-05-10 08:00:00,,electronics,5,19.25,East
3130,2024-05-10 09:00:00,1158.0,Electronics,4,29.17,West
3131,2024-05-10 10:00:00,1071.0,Electronics,7,60.31,West
3132,2024-05-10 11:00:00,1092.0,Apparel,5,40.9,South
3133,2024-05-10 12:00:00,1152.0,Apparel,6,30.52,
3134,2024-05-10 13:00:00,1016.0,electronics,-5,59.33,North
3135,2024-05-10 14:00:00,1142.0,Apparel,6,64.13,East
3136,2024-05-10 15:00:00,1003.0,Apparel,4,44.62,East
3137,2024-05-10 16:00:00,1116.0,Books,5,28.68,East
3138,2024-05-10 17:00:00,1095.0,Books,5,50.41,West
3139,2024-05-10 18:00:00,1093.0,Books,6,40.33,East
3140,2024-05-10 19:00:00,1098.0,Electronics,7,40.18,North
3141,2024-05-10 20:00:00,1098.0,Apparel,3,34.75,North
3142,2024-05-10 21:00:00,1081.0,electronics,5,63.5,East
3143,2024-05-10 22:00:00,1090.0,Home Goods,1,50.0,East
3144,2024-05-10 23:00:00,1113.0,Apparel,4,65.71,East
3145,2024-05-11 00:00:00,1152.0,Apparel,7,71.73,South
3146,2024-05-11 01:00:00,1110.0,Home Goods,5,54.18,North
3147,2024-05-11 02:00:00,1128.0,Books,2,34.87,West
3148,2024-05-11 03:00:00,1167.0,Electronics,5,65.81,East
3149,2024-05-11 04:00:00,1197.0,Electronics,3,54.31,East
3150,2024-05-11 05:00:00,,Electronics,4,97.07,South
3151,2024-05-11 06:00:00,1142.0,Books,2,51.2,South
3152,2024-05-11 07:00:00,1045.0,Home Goods,5,58.95,South
3153,2024-05-11 08:00:00,1039.0,Home Goods,2,50.81,North
3154,2024-05-11 09:00:00,1158.0,Apparel,4,43.02,East
3155,2024-05-11 10:00:00,1013.0,Home Goods,7,39.82,South
3156,2024-05-11 11:00:00,1169.0,Home Goods,6,50.88,South
3157,2024-05-11 12:00:00,1154.0,Electronics,3,55.42,
3158,2024-05-11 13:00:00,1198.0,Electronics,7,68.09,South
3159,2024-05-11 14:00:00,1133.0,Books,1,51.18,East
3160,2024-05-11 15:00:00,1174.0,Home Goods,7,35.74,South
3161,2024-05-11 16:00:00,1023.0,Electronics,3,38.46,South
3162,2024-05-11 17:00:00,1177.0,electronics,6,18.54,North
3163,2024-05-11 18:00:00,1032.0,electronics,7,78.22,West
3164,2024-05-11 19:00:00,1062.0,electronics,5,34.18,South
3165,2024-05-11 20:00:00,1025.0,electronics,5,64.35,East
3166,2024-05-11 21:00:00,1080.0,Apparel,6,50.53,West
3167,2024-05-11 22:00:00,1149.0,Electronics,2,51.07,North
3168,2024-05-11 23:00:00,1053.0,electronics,2,42.65,East
3169,2024-05-12 00:00:00,,Home Goods,3,29.24,North
3170,2024-05-12 01:00:00,1121.0,Home Goods,4,25.63,South
3171,2024-05-12 02:00:00,1125.0,Books,6,79.57,West
3172,2024-05-12 03:00:00,1187.0,Books,2,47.28,North
3173,2024-05-12 04:00:00,1086.0,electronics,4,67.51,
3174,2024-05-12 05:00:00,1068.0,Home Goods,1,72.7,East
3175,2024-05-12 06:00:00,1198.0,Electronics,1,36.78,South
3176,2024-05-12 07:00:00,1111.0,Apparel,7,53.47,North
3177,2024-05-12 08:00:00,1122.0,Electronics,6,45.9,East
3178,2024-05-12 09:00:00,1059.0,Electronics,7,21.86,East
3179,2024-05-12 10:00:00,1043.0,Apparel,3,41.29,North
3180,2024-05-12 11:00:00,1033.0,Electronics,4,56.75,East
3181,2024-05-12 12:00:00,1044.0,Home Goods,5,35.02,North
3182,2024-05-12 13:00:00,1039.0,Electronics,2,38.5,
3183,2024-05-12 14:00:00,1149.0,Apparel,6,41.53,South
3184,2024-05-12 15:00:00,1011.0,Apparel,5,87.23,East
3185,2024-05-12 16:00:00,1125.0,Home Goods,3,8.32,West
3186,2024-05-12 17:00:00,1189.0,Books,4,55.03,East
3187,2024-05-12 18:00:00,1153.0,Home Goods,3,39.93,West
3188,2024-05-12 19:00:00,1080.0,Electronics,6,32.19,West
3189,2024-05-12 20:00:00,1011.0,Electronics,7,39.44,North
3190,2024-05-12 21:00:00,1166.0,electronics,7,58.35,South
3191,2024-05-12 22:00:00,1000.0,electronics,6,59.49,East
3192,2024-05-12 23:00:00,1136.0,electronics,3,48.72,North
3193,2024-05-13 00:00:00,1134.0,electronics,-6,66.85,East
3194,2024-05-13 01:00:00,1038.0,Home Goods,2,70.38,North
3195,2024-05-13 02:00:00,1147.0,Electronics,7,61.33,West
3196,2024-05-13 03:00:00,1035.0,Apparel,2,34.08,East
3197,2024-05-13 04:00:00,1045.0,electronics,3,54.89,East
3198,2024-05-13 05:00:00,1162.0,Apparel,1,54.98,South
3199,2024-05-13 06:00:00,1195.0,Home Goods,1,28.69,
3200,2024-05-13 07:00:00,1052.0,Books,3,13.61,West
3201,2024-05-13 08:00:00,1184.0,Home Goods,4,4.54,West
3202,2024-05-13 09:00:00,1182.0,electronics,1,46.4,West
3203,2024-05-13 10:00:00,1153.0,Home Goods,6,50.96,North
3204,2024-05-13 11:00:00,1028.0,Apparel,1,21.36,North
3205,2024-05-13 12:00:00,1059.0,Home Goods,7,65.92,North
3206,2024-05-13 13:00:00,1135.0,Home Goods,2,48.04,East
3207,2024-05-13 14:00:00,1199.0,Home Goods,3,71.99,East
3208,2024-05-13 15:00:00,1162.0,electronics,2,52.41,South
3209,2024-05-13 16:00:00,1084.0,electronics,6,23.67,
3210,2024-05-13 17:00:00,1047.0,Books,6,54.17,North
3211,2024-05-13 18:00:00,1192.0,Apparel,1,58.4,West
3212,2024-05-13 19:00:00,1055.0,Electronics,1,34.05,East
3213,2024-05-13 20:00:00,1068.0,Books,5,16.16,South
3214,2024-05-13 21:00:00,1192.0,Apparel,7,47.01,North
3215,2024-05-13 22:00:00,1112.0,Electronics,1,24.98,West
3216,2024-05-13 23:00:00,1052.0,Apparel,2,67.42,West
3217,2024-05-14 00:00:00,1001.0,Home Goods,4,36.86,South
3218,2024-05-14 01:00:00,1085.0,Books,1,79.49,East
3219,2024-05-14 02:00:00,1197.0,Home Goods,3,2.52,East
3220,2024-05-14 03:00:00,1086.0,Home Goods,1,47.7,South
3221,2024-05-14 04:00:00,1139.0,electronics,4,73.59,East
3222,2024-05-14 05:00:00,1050.0,electronics,6,27.19,South
3223,2024-05-14 06:00:00,1155.0,Apparel,3,41.82,West
3224,2024-05-14 07:00:00,1155.0,Books,2,36.94,East
3225,2024-05-14 08:00:00,1121.0,Books,3,31.32,North
3226,2024-05-14 09:00:00,1154.0,Apparel,4,49.89,West
3227,2024-05-14 10:00:00,1115.0,Apparel,2,19.09,South
3228,2024-05-14 11:00:00,1075.0,Home Goods,1,42.78,West
3229,2024-05-14 12:00:00,1147.0,electronics,2,55.32,East
3230,2024-05-14 13:00:00,1167.0,Apparel,7,40.7,North
3231,2024-05-14 14:00:00,1168.0,electronics,6,25.0,West
3232,2024-05-14 15:00:00,1042.0,electronics,1,65.6,North
3233,2024-05-14 16:00:00,1135.0,Books,3,59.61,West
3234,2024-05-14 17:00:00,1000.0,Home Goods,3,24.18,West
3235,2024-05-14 18:00:00,1114.0,electronics,2,19.12,East
3236,2024-05-14 19:00:00,1114.0,Books,6,25.96,East
3237,2024-05-14 20:00:00,1072.0,Books,7,55.91,East
3238,2024-05-14 21:00:00,1198.0,electronics,2,50.51,South
3239,2024-05-14 22:00:00,1176.0,Home Goods,1,60.8,North
3240,2024-05-14 23:00:00,1007.0,Home Goods,2,38.48,West
3241,2024-05-15 00:00:00,1041.0,Apparel,5,26.51,South
3242,2024-05-15 01:00:00,1041.0,Books,6,63.38,South
3243,2024-05-15 02:00:00,1179.0,Home Goods,3,33.93,North
3244,2024-05-15 03:00:00,1103.0,Apparel,2,48.73,
3245,2024-05-15 04:00:00,1145.0,Home Goods,2,14.0,West
3246,2024-05-15 05:00:00,1161.0,Books,1,33.6,South
3247,2024-05-15 06:00:00,,Home Goods,1,65.19,South
3248,2024-05-15 07:00:00,1017.0,electronics,3,30.67,West
3249,2024-05-15 08:00:00,1028.0,Home Goods,5,61.29,South
3250,2024-05-15 09:00:00,1079.0,Books,1,-1.62,
3251,2024-05-15 10:00:00,1067.0,Apparel,2,33.81,West
3252,2024-05-15 11:00:00,1149.0,Electronics,7,41.57,West
3253,2024-05-15 12:00:00,1031.0,Electronics,7,79.85,North
3254,2024-05-15 13:00:00,1074.0,Home Goods,5,21.62,East
3255,2024-05-15 14:00:00,1047.0,Books,4,58.42,
3256,2024-05-15 15:00:00,1037.0,Home Goods,5,66.14,South
3257,2024-05-15 16:00:00,1034.0,Home Goods,3,30.57,West
3258,2024-05-15 17:00:00,1039.0,Apparel,2,37.53,South
3259,2024-05-15 18:00:00,1112.0,Home Goods,3,47.83,
3260,2024-05-15 19:00:00,1082.0,Books,5,15.37,East
3261,2024-05-15 20:00:00,1087.0,Apparel,5,35.9,North
3262,2024-05-15 21:00:00,1095.0,Apparel,5,70.52,South
3263,2024-05-15 22:00:00,1148.0,Apparel,5,55.45,North
3264,2024-05-15 23:00:00,1172.0,Apparel,1,41.86,South
3265,2024-05-16 00:00:00,,Electronics,5,47.26,West
3266,2024-05-16 01:00:00,1128.0,Home Goods,7,56.62,North
3267,2024-05-16 02:00:00,1147.0,Electronics,5,60.45,West
3268,2024-05-16 03:00:00,,Home Goods,5,33.87,North
3269,2024-05-16 04:00:00,1026.0,Electronics,2,75.69,East
3270,2024-05-16 05:00:00,1196.0,Home Goods,6,71.33,
3271,2024-05-16 06:00:00,1032.0,electronics,4,58.55,East
3272,2024-05-16 07:00:00,1082.0,Electronics,2,28.14,West
3273,2024-05-16 08:00:00,1130.0,Electronics,4,24.6,
3274,2024-05-16 09:00:00,1080.0,Home Goods,1,38.47,East
3275,2024-05-16 10:00:00,1048.0,Electronics,7,46.22,West
3276,2024-05-16 11:00:00,1184.0,Books,5,9.63,North
3277,2024-05-16 12:00:00,1014.0,Apparel,3,54.89,South
3278,2024-05-16 13:00:00,1049.0,Apparel,6,70.75,South
3279,2024-05-16 14:00:00,1198.0,Electronics,1,56.53,West
3280,2024-05-16 15:00:00,1145.0,Apparel,3,31.48,East
3281,2024-05-16 16:00:00,1017.0,Apparel,5,29.11,East
3282,2024-05-16 17:00:00,1150.0,electronics,1,51.0,West
3283,2024-05-16 18:00:00,1193.0,Electronics,5,41.93,North
3284,2024-05-16 19:00:00,1019.0,Home Goods,6,53.86,West
3285,2024-05-16 20:00:00,1082.0,Apparel,5,57.03,North
3286,2024-05-16 21:00:00,1093.0,Electronics,2,66.84,South
3287,2024-05-16 22:00:00,1026.0,Electronics,6,22.36,East
3288,2024-05-16 23:00:00,1040.0,electronics,3,49.43,South
3289,2024-05-17 00:00:00,1034.0,Home Goods,6,37.73,East
3290,2024-05-17 01:00:00,1037.0,Home Goods,5,43.03,West
3291,2024-05-17 02:00:00,1080.0,Home Goods,1,62.29,West
3292,2024-05-17 03:00:00,1092.0,electronics,1,64.46,North
3293,2024-05-17 04:00:00,1047.0,Electronics,1,72.97,North
3294,2024-05-17 05:00:00,1057.0,Electronics,1,53.51,North
3295,2024-05-17 06:00:00,1038.0,Electronics,3,42.8,East
3296,2024-05-17 07:00:00,1159.0,Apparel,1,39.94,North
3297,2024-05-17 08:00:00,1042.0,Apparel,7,10.3,South
3298,2024-05-17 09:00:00,1181.0,Home Goods,7,71.79,West
3299,2024-05-17 10:00:00,1107.0,Electronics,2,38.56,West
3300,2024-05-17 11:00:00,1160.0,Home Goods,3,55.12,West
3301,2024-05-17 12:00:00,1127.0,Books,6,58.58,North
3302,2024-05-17 13:00:00,1053.0,electronics,5,20.09,East
3303,2024-05-17 14:00:00,1120.0,Home Goods,5,26.53,North
3304,2024-05-17 15:00:00,1054.0,Home Goods,7,75.94,South
3305,2024-05-17 16:00:00,1023.0,electronics,5,50.81,South
3306,2024-05-17 17:00:00,1050.0,Home Goods,5,33.39,West
3307,2024-05-17 18:00:00,1055.0,Home Goods,4,42.47,East
3308,2024-05-17 19:00:00,1027.0,Home Goods,4,66.72,South
3309,2024-05-17 20:00:00,1004.0,Apparel,3,63.69,East
3310,2024-05-17 21:00:00,,Home Goods,4,15.68,West
3311,2024-05-17 22:00:00,1102.0,Electronics,7,77.69,North
3312,2024-05-17 23:00:00,,Electronics,3,64.32,West
3313,2024-05-18 00:00:00,1185.0,Home Goods,1,41.95,North
3314,2024-05-18 01:00:00,1044.0,Books,5,21.17,North
3315,2024-05-18 02:00:00,1080.0,Electronics,6,66.08,West
3316,2024-05-18 03:00:00,1169.0,Electronics,7,54.53,North
3317,2024-05-18 04:00:00,1126.0,Apparel,4,15.84,West
3318,2024-05-18 05:00:00,1079.0,Home Goods,6,40.36,North
3319,2024-05-18 06:00:00,1051.0,electronics,2,107.52,East
3320,2024-05-18 07:00:00,1007.0,electronics,3,45.33,East
3321,2024-05-18 08:00:00,1017.0,Apparel,3,30.16,West
3322,2024-05-18 09:00:00,1032.0,Home Goods,3,24.83,West
3323,2024-05-18 10:00:00,1157.0,Apparel,6,80.44,East
3324,2024-05-18 11:00:00,1127.0,electronics,7,61.96,South
3325,2024-05-18 12:00:00,1086.0,Home Goods,3,73.15,North
3326,2024-05-18 13:00:00,1156.0,Books,1,49.96,East
3327,2024-05-18 14:00:00,1032.0,electronics,6,70.08,East
3328,2024-05-18 15:00:00,1042.0,electronics,6,28.03,North
3329,2024-05-18 16:00:00,1078.0,Electronics,7,48.25,West
3330,2024-05-18 17:00:00,1183.0,Apparel,2,50.74,South
3331,2024-05-18 18:00:00,1122.0,Electronics,6,72.65,North
3332,2024-05-18 19:00:00,1170.0,electronics,6,51.38,West
3333,2024-05-18 20:00:00,1049.0,Apparel,6,32.49,East
3334,2024-05-18 21:00:00,1169.0,Electronics,6,46.28,West
3335,2024-05-18 22:00:00,,Books,7,11.47,North
3336,2024-05-18 23:00:00,1045.0,Home Goods,4,-1.42,South
3337,2024-05-19 00:00:00,1104.0,electronics,1,61.63,East
3338,2024-05-19 01:00:00,1010.0,Home Goods,2,37.51,South
3339,2024-05-19 02:00:00,1171.0,Apparel,7,39.77,East
3340,2024-05-19 03:00:00,1173.0,Home Goods,6,61.62,North
3341,2024-05-19 04:00:00,1108.0,Books,1,72.94,North
3342,2024-05-19 05:00:00,1061.0,Books,3,55.69,North
3343,2024-05-19 06:00:00,1019.0,electronics,2,83.56,South
3344,2024-05-19 07:00:00,1123.0,Apparel,3,55.05,South
3345,2024-05-19 08:00:00,1107.0,electronics,5,51.04,West
3346,2024-05-19 09:00:00,1151.0,Books,4,49.81,East
3347,2024-05-19 10:00:00,1120.0,electronics,4,19.29,North
3348,2024-05-19 11:00:00,1025.0,electronics,4,64.12,East
3349,2024-05-19 12:00:00,1024.0,Apparel,5,-3.91,North
3350,2024-05-19 13:00:00,1156.0,Apparel,5,33.27,South
3351,2024-05-19 14:00:00,1031.0,Electronics,1,45.46,West
3352,2024-05-19 15:00:00,1187.0,Home Goods,1,29.2,East
3353,2024-05-19 16:00:00,1021.0,electronics,3,35.96,East
3354,2024-05-19 17:00:00,1145.0,Apparel,4,81.79,South
3355,2024-05-19 18:00:00,1195.0,Home Goods,7,67.08,North
3356,2024-05-19 19:00:00,1088.0,Books,7,31.28,West
3357,2024-05-19 20:00:00,1011.0,Books,5,35.61,East
3358,2024-05-19 21:00:00,1175.0,Apparel,1,19.46,East
3359,2024-05-19 22:00:00,1037.0,Apparel,1,59.1,
3360,2024-05-19 23:00:00,1105.0,Books,4,40.01,South
3361,2024-05-20 00:00:00,1196.0,Electronics,5,5.67,West
3362,2024-05-20 01:00:00,1148.0,Apparel,5,47.02,East
3363,2024-05-20 02:00:00,1009.0,Apparel,1,53.78,North
3364,2024-05-20 03:00:00,1164.0,Electronics,7,64.26,North
3365,2024-05-20 04:00:00,1032.0,Books,4,43.53,East
3366,2024-05-20 05:00:00,1149.0,Apparel,5,37.55,South
3367,2024-05-20 06:00:00,,electronics,1,84.73,East
3368,2024-05-20 07:00:00,1057.0,Home Goods,6,45.13,East
3369,2024-05-20 08:00:00,1084.0,Home Goods,4,59.39,South
3370,2024-05-20 09:00:00,1023.0,Books,2,34.21,East
3371,2024-05-20 10:00:00,1197.0,Books,3,58.8,East
3372,2024-05-20 11:00:00,1047.0,Books,3,15.89,South
3373,2024-05-20 12:00:00,1061.0,Apparel,1,35.76,West
3374,2024-05-20 13:00:00,1100.0,Electronics,7,20.83,North
3375,2024-05-20 14:00:00,1134.0,Books,6,32.9,
3376,2024-05-20 15:00:00,1101.0,Electronics,7,70.01,North
3377,2024-05-20 16:00:00,1101.0,Electronics,3,32.75,North
3378,2024-05-20 17:00:00,1116.0,Electronics,4,59.37,East
3379,2024-05-20 18:00:00,1171.0,Books,4,75.35,North
3380,2024-05-20 19:00:00,1079.0,Home Goods,4,44.45,South
3381,2024-05-20 20:00:00,1166.0,electronics,5,64.88,North
3382,2024-05-20 21:00:00,1157.0,Electronics,4,55.62,West
3383,2024-05-20 22:00:00,1192.0,Home Goods,6,47.33,East
3384,2024-05-20 23:00:00,1182.0,Apparel,1,60.01,North
3385,2024-05-21 00:00:00,1159.0,Books,2,81.8,South
3386,2024-05-21 01:00:00,1049.0,Home Goods,7,32.25,North
3387,2024-05-21 02:00:00,1154.0,Apparel,7,25.82,
3388,2024-05-21 03:00:00,1147.0,Books,6,24.64,North
3389,2024-05-21 04:00:00,1057.0,Books,3,64.89,East
3390,2024-05-21 05:00:00,1135.0,electronics,4,67.59,East
3391,2024-05-21 06:00:00,1050.0,Books,1,34.26,East
3392,2024-05-21 07:00:00,1104.0,Home Goods,2,4999.99,West
3393,2024-05-21 08:00:00,1159.0,Books,6,31.5,South
3394,2024-05-21 09:00:00,1037.0,Electronics,3,55.96,West
3395,2024-05-21 10:00:00,1067.0,Electronics,4,43.67,South
3396,2024-05-21 11:00:00,1159.0,Books,1,48.61,East
3397,2024-05-21 12:00:00,1090.0,Apparel,4,34.53,South
3398,2024-05-21 13:00:00,1192.0,Electronics,6,65.28,North
3399,2024-05-21 14:00:00,1001.0,Books,5,51.86,North
3400,2024-05-21 15:00:00,1144.0,Electronics,4,56.73,North
3401,2024-05-21 16:00:00,1162.0,Apparel,7,48.18,West
3402,2024-05-21 17:00:00,1183.0,electronics,2,55.49,West
3403,2024-05-21 18:00:00,1031.0,Electronics,3,54.17,South
3404,2024-05-21 19:00:00,,Books,5,26.44,East
3405,2024-05-21 20:00:00,1078.0,Books,4,52.46,East
3406,2024-05-21 21:00:00,1070.0,Electronics,7,60.83,South
3407,2024-05-21 22:00:00,1071.0,Electronics,1,68.1,South
3408,2024-05-21 23:00:00,1127.0,Apparel,1,53.32,East
3409,2024-05-22 00:00:00,1131.0,Electronics,3,25.69,North
3410,2024-05-22 01:00:00,1094.0,Apparel,4,28.77,East
3411,2024-05-22 02:00:00,1014.0,Books,7,36.3,North
3412,2024-05-22 03:00:00,1197.0,Apparel,4,48.79,North
3413,2024-05-22 04:00:00,1044.0,electronics,4,42.56,East
3414,2024-05-22 05:00:00,1018.0,Electronics,2,22.53,East
3415,2024-05-22 06:00:00,1119.0,Apparel,4,22.41,
3416,2024-05-22 07:00:00,1082.0,Electronics,4,3.03,North
3417,2024-05-22 08:00:00,1123.0,Home Goods,5,-17.39,West
3418,2024-05-22 09:00:00,1175.0,Home Goods,5,42.36,West
3419,2024-05-22 10:00:00,1019.0,Apparel,4,91.4,East
3420,2024-05-22 11:00:00,1056.0,electronics,2,80.94,
3421,2024-05-22 12:00:00,1103.0,Apparel,2,25.44,
3422,2024-05-22 13:00:00,1157.0,Apparel,2,48.0,West
3423,2024-05-22 14:00:00,1120.0,electronics,5,15.71,
3424,2024-05-22 15:00:00,1076.0,electronics,6,18.76,East
3425,2024-05-22 16:00:00,1122.0,Electronics,7,21.05,East
3426,2024-05-22 17:00:00,1195.0,Home Goods,3,40.49,West
3427,2024-05-22 18:00:00,1096.0,electronics,1,41.35,West
3428,2024-05-22 19:00:00,1176.0,Electronics,5,50.05,North
3429,2024-05-22 20:00:00,1155.0,Home Goods,1,58.26,South
3430,2024-05-22 21:00:00,1060.0,Home Goods,5,38.26,South
3431,2024-05-22 22:00:00,1049.0,Electronics,3,45.72,West
3432,2024-05-22 23:00:00,1154.0,Electronics,6,23.12,North
3433,2024-05-23 00:00:00,1041.0,Electronics,5,18.11,South
3434,2024-05-23 01:00:00,1067.0,Apparel,6,15.02,East
3435,2024-05-23 02:00:00,1047.0,electronics,3,57.98,North
3436,2024-05-23 03:00:00,1121.0,Electronics,6,38.24,
3437,2024-05-23 04:00:00,1058.0,Electronics,4,7.58,East
3438,2024-05-23 05:00:00,1131.0,Books,5,43.74,North
3439,2024-05-23 06:00:00,1186.0,electronics,3,20.02,South
3440,2024-05-23 07:00:00,1165.0,Apparel,4,78.21,West
3441,2024-05-23 08:00:00,1189.0,Home Goods,6,33.42,East
3442,2024-05-23 09:00:00,1004.0,Electronics,3,58.63,South
3443,2024-05-23 10:00:00,1091.0,electronics,1,66.78,South
3444,2024-05-23 11:00:00,1044.0,Electronics,3,25.9,West
3445,2024-05-23 12:00:00,1183.0,Apparel,3,46.52,West
3446,2024-05-23 13:00:00,1142.0,electronics,3,56.07,East
3447,2024-05-23 14:00:00,1064.0,Home Goods,1,47.31,South
3448,2024-05-23 15:00:00,1112.0,Electronics,1,52.22,
3449,2024-05-23 16:00:00,1121.0,Books,3,18.41,East
3450,2024-05-23 17:00:00,1099.0,electronics,3,56.08,South
3451,2024-05-23 18:00:00,1094.0,Home Goods,1,35.28,
3452,2024-05-23 19:00:00,1011.0,Books,3,51.99,West
3453,2024-05-23 20:00:00,1090.0,Apparel,3,63.4,West
3454,2024-05-23 21:00:00,1069.0,Apparel,1,58.38,West
3455,2024-05-23 22:00:00,1163.0,Books,2,51.97,South
3456,2024-05-23 23:00:00,1173.0,Electronics,2,57.84,East
3457,2024-05-24 00:00:00,1150.0,Books,2,58.77,North
3458,2024-05-24 01:00:00,1006.0,Home Goods,6,74.91,East
3459,2024-05-24 02:00:00,1168.0,Home Goods,1,44.32,South
3460,2024-05-24 03:00:00,1079.0,electronics,5,48.28,South
3461,2024-05-24 04:00:00,1083.0,Apparel,5,63.64,West
3462,2024-05-24 05:00:00,1189.0,Books,6,35.19,North
3463,2024-05-24 06:00:00,1173.0,Apparel,4,18.29,West
3464,2024-05-24 07:00:00,1010.0,Electronics,4,54.86,South
3465,2024-05-24 08:00:00,1071.0,Home Goods,6,40.88,North
3466,2024-05-24 09:00:00,1149.0,Apparel,6,20.85,North
3467,2024-05-24 10:00:00,1107.0,electronics,2,55.01,South
3468,2024-05-24 11:00:00,1051.0,Apparel,6,73.62,South
3469,2024-05-24 12:00:00,1104.0,Apparel,4,12.41,South
3470,2024-05-24 13:00:00,1173.0,Electronics,1,65.45,East
3471,2024-05-24 14:00:00,1044.0,Home Goods,5,-5.74,East
3472,2024-05-24 15:00:00,1149.0,Electronics,7,36.99,North
3473,2024-05-24 16:00:00,,Home Goods,1,81.81,South
3474,2024-05-24 17:00:00,1177.0,electronics,1,38.43,North
3475,2024-05-24 18:00:00,1059.0,Books,7,46.8,North
3476,2024-05-24 19:00:00,1043.0,Books,5,60.26,North
3477,2024-05-24 20:00:00,1109.0,Home Goods,2,10.67,East
3478,2024-05-24 21:00:00,1106.0,Home Goods,6,46.44,East
3479,2024-05-24 22:00:00,1081.0,Apparel,3,46.28,West
3480,2024-05-24 23:00:00,1155.0,Apparel,3,82.25,West
3481,2024-05-25 00:00:00,1159.0,Apparel,3,20.29,East
3482,2024-05-25 01:00:00,1049.0,Apparel,5,37.37,South
3483,2024-05-25 02:00:00,1159.0,Books,1,26.43,North
3484,2024-05-25 03:00:00,1046.0,Books,3,24.31,East
3485,2024-05-25 04:00:00,1081.0,Electronics,3,67.55,South
3486,2024-05-25 05:00:00,1005.0,Home Goods,1,4999.99,South
3487,2024-05-25 06:00:00,1068.0,Home Goods,6,33.89,
3488,2024-05-25 07:00:00,1191.0,Home Goods,1,34.64,North
3489,2024-05-25 08:00:00,1088.0,Home Goods,7,33.74,North
3490,2024-05-25 09:00:00,1142.0,Apparel,1,35.52,West
3491,2024-05-25 10:00:00,1021.0,Home Goods,3,19.71,South
3492,2024-05-25 11:00:00,1127.0,electronics,1,39.83,South
3493,2024-05-25 12:00:00,1074.0,Home Goods,3,37.82,North
3494,2024-05-25 13:00:00,1148.0,Books,5,29.84,South
3495,2024-05-25 14:00:00,1185.0,electronics,1,48.1,
3496,2024-05-25 15:00:00,1106.0,Electronics,4,49.8,East
3497,2024-05-25 16:00:00,1020.0,Books,6,33.87,South
3498,2024-05-25 17:00:00,1095.0,Electronics,4,42.12,South
3499,2024-05-25 18:00:00,1024.0,Apparel,-1,88.17,South
3500,2024-05-25 19:00:00,1089.0,Books,5,87.41,East
3501,2024-05-25 20:00:00,1012.0,electronics,2,23.92,South
3502,2024-05-25 21:00:00,1128.0,electronics,1,26.71,North
3503,2024-05-25 22:00:00,1062.0,electronics,4,23.81,East
3504,2024-05-25 23:00:00,1040.0,Electronics,2,66.14,West
3505,2024-05-26 00:00:00,1003.0,Electronics,1,37.03,West
3506,2024-05-26 01:00:00,1177.0,Electronics,6,49.79,West
3507,2024-05-26 02:00:00,1167.0,Home Goods,5,84.94,East
3508,2024-05-26 03:00:00,1162.0,Home Goods,7,44.79,West
3509,2024-05-26 04:00:00,1011.0,Electronics,4,59.12,West
3510,2024-05-26 05:00:00,1069.0,Books,4,55.41,North
3511,2024-05-26 06:00:00,1194.0,Apparel,6,33.24,South
3512,2024-05-26 07:00:00,1115.0,Electronics,1,66.18,North
3513,2024-05-26 08:00:00,1025.0,Books,3,28.01,
3514,2024-05-26 09:00:00,1028.0,Electronics,6,71.8,West
3515,2024-05-26 10:00:00,1052.0,Home Goods,3,33.25,West
3516,2024-05-26 11:00:00,1194.0,Home Goods,7,35.44,South
3517,2024-05-26 12:00:00,1033.0,Home Goods,2,23.23,West
3518,2024-05-26 13:00:00,1180.0,Books,3,26.51,North
3519,2024-05-26 14:00:00,1135.0,Books,7,36.46,North
3520,2024-05-26 15:00:00,1184.0,electronics,2,-3.63,East
3521,2024-05-26 16:00:00,1165.0,Home Goods,7,40.33,West
3522,2024-05-26 17:00:00,1066.0,Books,1,34.84,West
3523,2024-05-26 18:00:00,1165.0,Apparel,2,60.8,South
3524,2024-05-26 19:00:00,1033.0,Books,5,53.46,South
3525,2024-05-26 20:00:00,1058.0,Home Goods,5,30.85,South
3526,2024-05-26 21:00:00,1042.0,electronics,7,35.83,North
3527,2024-05-26 22:00:00,1026.0,Home Goods,7,40.31,West
3528,2024-05-26 23:00:00,1018.0,Books,5,74.72,South
3529,2024-05-27 00:00:00,1037.0,Books,5,28.55,North
3530,2024-05-27 01:00:00,1024.0,Apparel,3,30.6,South
3531,2024-05-27 02:00:00,1076.0,Apparel,6,22.43,East
3532,2024-05-27 03:00:00,1014.0,Home Goods,5,15.36,West
3533,2024-05-27 04:00:00,1012.0,electronics,1,51.14,North
3534,2024-05-27 05:00:00,1197.0,Home Goods,6,49.06,North
3535,2024-05-27 06:00:00,1017.0,Home Goods,3,70.66,West
3536,2024-05-27 07:00:00,1014.0,Books,4,65.83,East
3537,2024-05-27 08:00:00,1006.0,Home Goods,4,92.94,South
3538,2024-05-27 09:00:00,1026.0,Apparel,6,43.52,North
3539,2024-05-27 10:00:00,1105.0,Electronics,2,39.79,
3540,2024-05-27 11:00:00,1165.0,Apparel,3,19.0,East
3541,2024-05-27 12:00:00,1146.0,Home Goods,1,58.93,North
3542,2024-05-27 13:00:00,1116.0,Books,3,47.37,North
3543,2024-05-27 14:00:00,,Home Goods,1,58.03,North
3544,2024-05-27 15:00:00,1154.0,Home Goods,5,22.22,South
3545,2024-05-27 16:00:00,1007.0,Electronics,7,52.03,North
3546,2024-05-27 17:00:00,1126.0,Books,4,49.1,North
3547,2024-05-27 18:00:00,1081.0,Apparel,7,47.78,North
3548,2024-05-27 19:00:00,1176.0,Books,7,31.33,South
3549,2024-05-27 20:00:00,1061.0,Electronics,1,68.79,East
3550,2024-05-27 21:00:00,1127.0,electronics,4,86.01,South
3551,2024-05-27 22:00:00,1087.0,Books,4,22.79,West
3552,2024-05-27 23:00:00,1104.0,Electronics,3,59.41,South
3553,2024-05-28 00:00:00,1187.0,Home Goods,6,-12.56,West
3554,2024-05-28 01:00:00,1142.0,Home Goods,3,58.37,West
3555,2024-05-28 02:00:00,1082.0,Books,1,7.6,West
3556,2024-05-28 03:00:00,1089.0,Books,4,34.5,North
3557,2024-05-28 04:00:00,1140.0,Books,2,18.74,South
3558,2024-05-28 05:00:00,1069.0,electronics,3,40.69,East
3559,2024-05-28 06:00:00,1033.0,Home Goods,4,61.78,North
3560,2024-05-28 07:00:00,1093.0,Apparel,6,7.85,North
3561,2024-05-28 08:00:00,1013.0,Books,2,37.81,North
3562,2024-05-28 09:00:00,1033.0,Electronics,3,34.73,East
3563,2024-05-28 10:00:00,1084.0,Books,1,76.62,West
3564,2024-05-28 11:00:00,,electronics,3,53.64,South
3565,2024-05-28 12:00:00,1156.0,Electronics,5,21.46,West
3566,2024-05-28 13:00:00,1052.0,Apparel,5,35.57,West
3567,2024-05-28 14:00:00,1084.0,Apparel,3,76.12,North
3568,2024-05-28 15:00:00,1030.0,Electronics,1,59.29,South
3569,2024-05-28 16:00:00,1151.0,Electronics,5,26.64,North
3570,2024-05-28 17:00:00,1049.0,Books,5,39.66,West
3571,2024-05-28 18:00:00,1159.0,Books,1,40.3,West
3572,2024-05-28 19:00:00,1168.0,Electronics,4,34.24,East
3573,2024-05-28 20:00:00,1137.0,Books,1,10.8,East
3574,2024-05-28 21:00:00,1066.0,Books,4,31.45,South
3575,2024-05-28 22:00:00,1190.0,Books,5,72.78,West
3576,2024-05-28 23:00:00,1137.0,electronics,6,37.38,West
3577,2024-05-29 00:00:00,1129.0,Home Goods,5,42.93,West
3578,2024-05-29 01:00:00,1171.0,Books,6,47.81,South
3579,2024-05-29 02:00:00,1176.0,Books,2,89.36,North
3580,2024-05-29 03:00:00,1015.0,Apparel,6,45.18,North
3581,2024-05-29 04:00:00,1176.0,Electronics,3,66.88,North
3582,2024-05-29 05:00:00,1153.0,Electronics,3,33.04,East
3583,2024-05-29 06:00:00,1041.0,electronics,6,39.81,West
3584,2024-05-29 07:00:00,1061.0,Electronics,3,45.25,West
3585,2024-05-29 08:00:00,1150.0,Electronics,1,29.52,North
3586,2024-05-29 09:00:00,1043.0,Electronics,6,40.93,South
3587,2024-05-29 10:00:00,1090.0,Apparel,5,62.76,North
3588,2024-05-29 11:00:00,1137.0,Home Goods,5,28.99,
3589,2024-05-29 12:00:00,1130.0,Home Goods,2,45.0,West
3590,2024-05-29 13:00:00,1181.0,Books,5,59.17,East
3591,2024-05-29 14:00:00,1022.0,Home Goods,2,28.51,East
3592,2024-05-29 15:00:00,1059.0,Home Goods,4,66.91,East
3593,2024-05-29 16:00:00,1196.0,electronics,4,46.46,South
3594,2024-05-29 17:00:00,1113.0,Home Goods,6,41.7,North
3595,2024-05-29 18:00:00,1049.0,Electronics,7,4999.99,South
3596,2024-05-29 19:00:00,1057.0,Home Goods,2,37.53,South
3597,2024-05-29 20:00:00,1067.0,Books,1,52.43,East
3598,2024-05-29 21:00:00,1110.0,Home Goods,4,79.91,South
3599,2024-05-29 22:00:00,1056.0,electronics,7,56.36,West
3600,2024-05-29 23:00:00,1124.0,Apparel,2,67.52,East
3601,2024-05-30 00:00:00,1089.0,Books,4,20.82,East
3602,2024-05-30 01:00:00,1122.0,Home Goods,3,42.46,West
3603,2024-05-30 02:00:00,1031.0,electronics,3,69.41,South
3604,2024-05-30 03:00:00,1124.0,Apparel,5,27.25,East
3605,2024-05-30 04:00:00,1184.0,Electronics,3,64.3,North
3606,2024-05-30 05:00:00,1027.0,Books,4,59.67,West
3607,2024-05-30 06:00:00,1065.0,electronics,6,50.49,East
3608,2024-05-30 07:00:00,,electronics,3,38.43,North
3609,2024-05-30 08:00:00,1123.0,Apparel,1,25.27,North
3610,2024-05-30 09:00:00,1134.0,Electronics,7,80.51,East
3611,2024-05-30 10:00:00,1111.0,electronics,2,57.64,East
3612,2024-05-30 11:00:00,1136.0,Electronics,6,51.81,East
3613,2024-05-30 12:00:00,1121.0,electronics,6,36.74,South
3614,2024-05-30 13:00:00,1014.0,Home Goods,4,45.76,East
3615,2024-05-30 14:00:00,1150.0,Electronics,1,48.29,East
3616,2024-05-30 15:00:00,1089.0,electronics,7,53.0,North
3617,2024-05-30 16:00:00,1010.0,Apparel,5,59.69,East
3618,2024-05-30 17:00:00,1081.0,Books,3,29.35,East
3619,2024-05-30 18:00:00,1087.0,Electronics,6,15.67,West
3620,2024-05-30 19:00:00,1017.0,Apparel,6,46.69,South
3621,2024-05-30 20:00:00,1199.0,Electronics,6,10.06,South
3622,2024-05-30 21:00:00,1044.0,Home Goods,2,38.53,
3623,2024-05-30 22:00:00,1066.0,Books,5,34.82,West
3624,2024-05-30 23:00:00,1088.0,Apparel,3,54.83,South
3625,2024-05-31 00:00:00,1166.0,electronics,1,84.65,West
3626,2024-05-31 01:00:00,1148.0,electronics,3,6.11,North
3627,2024-05-31 02:00:00,1154.0,Apparel,1,90.48,West
3628,2024-05-31 03:00:00,1047.0,Books,1,40.34,North
3629,2024-05-31 04:00:00,1169.0,electronics,6,51.96,South
3630,2024-05-31 05:00:00,1165.0,Electronics,4,16.7,
3631,2024-05-31 06:00:00,1092.0,Home Goods,3,64.94,North
3632,2024-05-31 07:00:00,1109.0,Apparel,2,45.83,West
3633,2024-05-31 08:00:00,1007.0,Home Goods,6,43.77,East
3634,2024-05-31 09:00:00,1152.0,Books,5,6.25,North
3635,2024-05-31 10:00:00,1192.0,Books,5,46.48,West
3636,2024-05-31 11:00:00,1094.0,Apparel,2,61.92,East
3637,2024-05-31 12:00:00,1108.0,Electronics,1,40.27,West
3638,2024-05-31 13:00:00,1099.0,Books,1,68.48,West
3639,2024-05-31 14:00:00,1016.0,Apparel,1,67.66,North
3640,2024-05-31 15:00:00,,electronics,7,32.18,South
3641,2024-05-31 16:00:00,1144.0,Home Goods,3,76.9,South
3642,2024-05-31 17:00:00,1185.0,Books,5,45.91,East
3643,2024-05-31 18:00:00,1185.0,Books,7,45.99,North
3644,2024-05-31 19:00:00,1098.0,Home Goods,7,46.98,South
3645,2024-05-31 20:00:00,1191.0,Electronics,3,46.39,West
3646,2024-05-31 21:00:00,1105.0,Apparel,4,-7.6,North
3647,2024-05-31 22:00:00,1128.0,Apparel,4,41.29,East
3648,2024-05-31 23:00:00,1120.0,Electronics,1,17.72,South
3649,2024-06-01 00:00:00,1199.0,Books,6,77.53,North
3650,2024-06-01 01:00:00,1147.0,electronics,5,76.72,North
3651,2024-06-01 02:00:00,1024.0,Books,3,62.04,North
3652,2024-06-01 03:00:00,1014.0,Home Goods,4,40.23,East
3653,2024-06-01 04:00:00,1081.0,electronics,6,24.84,North
3654,2024-06-01 05:00:00,1103.0,Electronics,1,31.85,West
3655,2024-06-01 06:00:00,1133.0,Electronics,5,83.85,West
3656,2024-06-01 07:00:00,1096.0,Apparel,7,31.16,North
3657,2024-06-01 08:00:00,1102.0,electronics,6,-2.11,West
3658,2024-06-01 09:00:00,1184.0,Books,5,65.6,West
3659,2024-06-01 10:00:00,1066.0,electronics,1,75.01,North
3660,2024-06-01 11:00:00,1098.0,Books,6,78.18,West
3661,2024-06-01 12:00:00,1111.0,Books,6,65.77,South
3662,2024-06-01 13:00:00,1093.0,Electronics,4,69.03,East
3663,2024-06-01 14:00:00,1193.0,Apparel,5,46.06,North
3664,2024-06-01 15:00:00,1192.0,Books,5,3.47,West
3665,2024-06-01 16:00:00,1102.0,electronics,1,45.56,West
3666,2024-06-01 17:00:00,1090.0,Electronics,2,57.43,
3667,2024-06-01 18:00:00,1117.0,Books,6,42.29,
3668,2024-06-01 19:00:00,1036.0,Home Goods,7,41.38,North
3669,2024-06-01 20:00:00,,Electronics,2,25.72,East
3670,2024-06-01 21:00:00,1043.0,Books,3,24.97,South
3671,2024-06-01 22:00:00,1028.0,Apparel,7,81.76,North
3672,2024-06-01 23:00:00,1019.0,Electronics,2,82.49,North
3673,2024-06-02 00:00:00,1117.0,electronics,2,44.95,West
3674,2024-06-02 01:00:00,1000.0,Electronics,1,50.63,East
3675,2024-06-02 02:00:00,1129.0,Books,2,25.38,North
3676,2024-06-02 03:00:00,1086.0,Electronics,5,57.85,
3677,2024-06-02 04:00:00,1073.0,Apparel,3,80.19,West
3678,2024-06-02 05:00:00,1153.0,Home Goods,7,14.42,South
3679,2024-06-02 06:00:00,1107.0,Home Goods,7,54.28,South
3680,2024-06-02 07:00:00,1146.0,Books,7,55.78,West
3681,2024-06-02 08:00:00,1141.0,Books,6,55.55,East
3682,2024-06-02 09:00:00,1006.0,Electronics,5,77.86,South
3683,2024-06-02 10:00:00,1043.0,Electronics,4,85.72,East
3684,2024-06-02 11:00:00,1113.0,Electronics,7,40.33,North
3685,2024-06-02 12:00:00,,Apparel,1,58.46,East
3686,2024-06-02 13:00:00,1030.0,Home Goods,6,46.68,South
3687,2024-06-02 14:00:00,1021.0,Electronics,1,32.36,South
3688,2024-06-02 15:00:00,1188.0,electronics,3,50.42,South
3689,2024-06-02 16:00:00,1193.0,Home Goods,2,58.43,East
3690,2024-06-02 17:00:00,1033.0,Apparel,5,49.34,South
3691,2024-06-02 18:00:00,1080.0,electronics,6,27.38,South
3692,2024-06-02 19:00:00,1125.0,Books,1,35.73,North
3693,2024-06-02 20:00:00,1039.0,Books,5,35.88,
3694,2024-06-02 21:00:00,1065.0,Apparel,2,28.15,North
3695,2024-06-02 22:00:00,1079.0,Home Goods,1,51.27,South
3696,2024-06-02 23:00:00,1128.0,Books,3,53.36,North
3697,2024-06-03 00:00:00,,Apparel,5,64.59,East
3698,2024-06-03 01:00:00,1082.0,Home Goods,2,27.85,South
3699,2024-06-03 02:00:00,1057.0,Home Goods,3,33.45,South
3700,2024-06-03 03:00:00,1151.0,Books,7,76.09,West
3701,2024-06-03 04:00:00,1030.0,Home Goods,3,41.71,West
3702,2024-06-03 05:00:00,1046.0,Electronics,7,45.6,East
3703,2024-06-03 06:00:00,1049.0,Books,6,41.5,South
3704,2024-06-03 07:00:00,,Electronics,3,67.66,West
3705,2024-06-03 08:00:00,1188.0,Apparel,5,68.44,West
3706,2024-06-03 09:00:00,1100.0,Apparel,5,67.26,East
3707,2024-06-03 10:00:00,1031.0,Home Goods,4,45.53,West
3708,2024-06-03 11:00:00,1151.0,Electronics,3,27.55,West
3709,2024-06-03 12:00:00,1098.0,Home Goods,3,83.5,
3710,2024-06-03 13:00:00,1169.0,Books,1,62.13,North
3711,2024-06-03 14:00:00,1071.0,electronics,1,35.87,
3712,2024-06-03 15:00:00,1199.0,Apparel,3,73.48,East
3713,2024-06-03 16:00:00,1161.0,Books,6,34.29,East
3714,2024-06-03 17:00:00,1044.0,Books,2,73.21,South
3715,2024-06-03 18:00:00,1145.0,Home Goods,2,74.57,South
3716,2024-06-03 19:00:00,1057.0,electronics,3,26.57,West
3717,2024-06-03 20:00:00,1069.0,Apparel,5,56.64,East
3718,2024-06-03 21:00:00,1050.0,Home Goods,2,60.64,North
3719,2024-06-03 22:00:00,1136.0,Apparel,2,97.3,East
3720,2024-06-03 23:00:00,1052.0,Apparel,1,30.15,North
3721,2024-06-04 00:00:00,1127.0,Apparel,3,73.65,East
3722,2024-06-04 01:00:00,1116.0,electronics,2,45.35,East
3723,2024-06-04 02:00:00,1150.0,Apparel,6,20.17,East
3724,2024-06-04 03:00:00,1198.0,Home Goods,7,42.6,North
3725,2024-06-04 04:00:00,1001.0,Books,3,45.05,North
3726,2024-06-04 05:00:00,1198.0,Apparel,1,23.82,South
3727,2024-06-04 06:00:00,1021.0,Books,1,51.24,East
3728,2024-06-04 07:00:00,1105.0,Books,3,64.16,West
3729,2024-06-04 08:00:00,1068.0,Books,4,49.76,West
3730,2024-06-04 09:00:00,1127.0,Apparel,4,34.16,West
3731,2024-06-04 10:00:00,1144.0,Home Goods,3,42.03,South
3732,2024-06-04 11:00:00,1171.0,Electronics,3,44.91,North
3733,2024-06-04 12:00:00,1080.0,electronics,2,49.35,West
3734,2024-06-04 13:00:00,1186.0,Home Goods,4,67.2,East
3735,2024-06-04 14:00:00,1064.0,Apparel,5,50.44,North
3736,2024-06-04 15:00:00,1040.0,Home Goods,1,16.95,East
3737,2024-06-04 16:00:00,1075.0,Home Goods,4,33.75,East
3738,2024-06-04 17:00:00,1105.0,Electronics,5,48.32,South
3739,2024-06-04 18:00:00,1133.0,Apparel,5,67.48,North
3740,2024-06-04 19:00:00,1166.0,Home Goods,4,70.96,East
3741,2024-06-04 20:00:00,1044.0,Electronics,4,80.49,North
3742,2024-06-04 21:00:00,,electronics,5,47.61,South
3743,2024-06-04 22:00:00,1187.0,Books,3,60.27,West
3744,2024-06-04 23:00:00,1087.0,Electronics,4,15.91,
3745,2024-06-05 00:00:00,1048.0,Home Goods,3,53.6,South
3746,2024-06-05 01:00:00,1197.0,Home Goods,4,23.49,North
3747,2024-06-05 02:00:00,1089.0,Electronics,1,43.75,East
3748,2024-06-05 03:00:00,1197.0,Electronics,3,105.6,South
3749,2024-06-05 04:00:00,1183.0,Books,1,51.07,West
3750,2024-06-05 05:00:00,1181.0,Home Goods,2,27.72,East
3751,2024-06-05 06:00:00,1116.0,electronics,3,53.16,South
3752,2024-06-05 07:00:00,1159.0,Electronics,4,34.66,West
3753,2024-06-05 08:00:00,1192.0,Home Goods,7,25.79,South
3754,2024-06-05 09:00:00,1053.0,Apparel,1,87.06,East
3755,2024-06-05 10:00:00,1007.0,Apparel,7,66.34,West
3756,2024-06-05 11:00:00,1064.0,Electronics,3,51.91,North
3757,2024-06-05 12:00:00,1127.0,Apparel,6,37.16,South
3758,2024-06-05 13:00:00,1109.0,Books,5,38.78,West
3759,2024-06-05 14:00:00,1016.0,electronics,7,75.85,South
3760,2024-06-05 15:00:00,1112.0,Electronics,1,51.13,South
3761,2024-06-05 16:00:00,1034.0,Books,7,-16.66,North
3762,2024-06-05 17:00:00,1101.0,Home Goods,1,93.42,South
3763,2024-06-05 18:00:00,1115.0,Apparel,7,48.66,East
3764,2024-06-05 19:00:00,1127.0,electronics,5,51.87,South
3765,2024-06-05 20:00:00,1082.0,electronics,4,66.73,South
3766,2024-06-05 21:00:00,1081.0,electronics,3,54.31,South
3767,2024-06-05 22:00:00,1135.0,electronics,1,59.94,East
3768,2024-06-05 23:00:00,1149.0,Home Goods,6,36.53,West
3769,2024-06-06 00:00:00,1161.0,Electronics,6,20.4,East
3770,2024-06-06 01:00:00,1066.0,Books,7,50.6,East
3771,2024-06-06 02:00:00,1084.0,Home Goods,6,73.63,West
3772,2024-06-06 03:00:00,1066.0,Books,7,32.04,North
3773,2024-06-06 04:00:00,1105.0,Home Goods,7,30.44,South
3774,2024-06-06 05:00:00,1025.0,electronics,3,69.42,North
3775,2024-06-06 06:00:00,1086.0,Home Goods,5,35.86,South
3776,2024-06-06 07:00:00,1037.0,Electronics,2,36.79,
3777,2024-06-06 08:00:00,1106.0,Books,6,37.54,South
3778,2024-06-06 09:00:00,1170.0,Apparel,5,43.7,West
3779,2024-06-06 10:00:00,1197.0,Electronics,4,13.53,North
3780,2024-06-06 11:00:00,1089.0,Home Goods,5,34.21,South
3781,2024-06-06 12:00:00,1011.0,Home Goods,2,49.61,South
3782,2024-06-06 13:00:00,1045.0,electronics,5,49.46,North
3783,2024-06-06 14:00:00,1020.0,Electronics,4,68.16,South
3784,2024-06-06 15:00:00,1151.0,Apparel,3,81.79,East
3785,2024-06-06 16:00:00,1196.0,electronics,7,75.25,East
3786,2024-06-06 17:00:00,1110.0,Home Goods,1,63.29,West
3787,2024-06-06 18:00:00,1035.0,electronics,6,42.03,West
3788,2024-06-06 19:00:00,1004.0,Apparel,2,32.54,East
3789,2024-06-06 20:00:00,1195.0,Electronics,2,45.36,
3790,2024-06-06 21:00:00,1063.0,electronics,2,56.71,North
3791,2024-06-06 22:00:00,1022.0,Home Goods,1,61.44,South
3792,2024-06-06 23:00:00,1035.0,Home Goods,1,57.46,South
3793,2024-06-07 00:00:00,1051.0,Apparel,6,42.58,East
3794,2024-06-07 01:00:00,1131.0,Electronics,7,60.74,East
3795,2024-06-07 02:00:00,1178.0,Home Goods,5,70.22,East
3796,2024-06-07 03:00:00,1055.0,Apparel,1,62.6,West
3797,2024-06-07 04:00:00,1137.0,electronics,7,44.36,South
3798,2024-06-07 05:00:00,1012.0,Electronics,5,28.32,West
3799,2024-06-07 06:00:00,1002.0,Books,4,27.85,East
3800,2024-06-07 07:00:00,1010.0,Apparel,7,31.38,East
3801,2024-06-07 08:00:00,1184.0,Apparel,3,50.14,South
3802,2024-06-07 09:00:00,1116.0,Apparel,3,55.4,South
3803,2024-06-07 10:00:00,1161.0,Apparel,6,16.71,South
3804,2024-06-07 11:00:00,1004.0,Apparel,4,34.92,West
3805,2024-06-07 12:00:00,1004.0,Home Goods,6,49.87,South
3806,2024-06-07 13:00:00,1169.0,Electronics,5,27.01,North
3807,2024-06-07 14:00:00,1020.0,Home Goods,6,53.68,West
3808,2024-06-07 15:00:00,1031.0,electronics,3,38.85,East
3809,2024-06-07 16:00:00,1103.0,Apparel,1,30.53,West
3810,2024-06-07 17:00:00,1121.0,Home Goods,4,46.06,East
3811,2024-06-07 18:00:00,1045.0,Books,5,52.85,East
3812,2024-06-07 19:00:00,1088.0,Home Goods,6,28.03,South
3813,2024-06-07 20:00:00,1134.0,Home Goods,2,40.15,East
3814,2024-06-07 21:00:00,1088.0,Books,6,54.35,South
3815,2024-06-07 22:00:00,1076.0,Home Goods,6,29.76,North
3816,2024-06-07 23:00:00,1014.0,electronics,6,11.84,
3817,2024-06-08 00:00:00,1090.0,electronics,6,14.27,West
3818,2024-06-08 01:00:00,1160.0,Books,7,36.64,East
3819,2024-06-08 02:00:00,1125.0,Apparel,5,18.63,East
3820,2024-06-08 03:00:00,1178.0,Electronics,3,38.05,East
3821,2024-06-08 04:00:00,1025.0,Home Goods,4,78.3,North
3822,2024-06-08 05:00:00,,electronics,6,17.43,South
3823,2024-06-08 06:00:00,1109.0,Apparel,2,39.35,North
3824,2024-06-08 07:00:00,1035.0,Electronics,5,87.65,North
3825,2024-06-08 08:00:00,1118.0,Apparel,5,53.16,North
3826,2024-06-08 09:00:00,1180.0,Apparel,5,37.65,West
3827,2024-06-08 10:00:00,1067.0,electronics,3,41.86,North
3828,2024-06-08 11:00:00,1109.0,Electronics,6,53.59,West
3829,2024-06-08 12:00:00,1136.0,Apparel,1,78.92,West
3830,2024-06-08 13:00:00,1030.0,electronics,6,34.38,North
3831,2024-06-08 14:00:00,1179.0,Books,6,29.85,East
3832,2024-06-08 15:00:00,1040.0,Apparel,7,17.42,South
3833,2024-06-08 16:00:00,1161.0,Books,7,47.06,West
3834,2024-06-08 17:00:00,1131.0,Home Goods,3,16.89,East
3835,2024-06-08 18:00:00,1028.0,Books,1,35.72,South
3836,2024-06-08 19:00:00,1144.0,Electronics,5,26.83,South
3837,2024-06-08 20:00:00,1039.0,electronics,1,66.48,West
3838,2024-06-08 21:00:00,1119.0,Electronics,2,34.83,North
3839,2024-06-08 22:00:00,1191.0,Apparel,5,52.94,West
3840,2024-06-08 23:00:00,1190.0,Home Goods,5,12.92,North
3841,2024-06-09 00:00:00,1174.0,electronics,5,47.63,East
3842,2024-06-09 01:00:00,1098.0,electronics,6,20.94,South
3843,2024-06-09 02:00:00,1111.0,Apparel,2,36.49,North
3844,2024-06-09 03:00:00,1060.0,Electronics,6,89.22,North
3845,2024-06-09 04:00:00,1184.0,Home Goods,5,63.64,South
3846,2024-06-09 05:00:00,1095.0,Apparel,3,42.43,West
3847,2024-06-09 06:00:00,1154.0,electronics,4,108.98,West
3848,2024-06-09 07:00:00,1071.0,electronics,4,26.7,North
3849,2024-06-09 08:00:00,1148.0,electronics,4,68.3,South
3850,2024-06-09 09:00:00,1044.0,Home Goods,3,14.35,North
3851,2024-06-09 10:00:00,1146.0,electronics,2,40.12,East
3852,2024-06-09 11:00:00,1009.0,electronics,2,18.04,West
3853,2024-06-09 12:00:00,1020.0,Home Goods,3,50.15,West
3854,2024-06-09 13:00:00,1070.0,Electronics,2,46.12,West
3855,2024-06-09 14:00:00,1096.0,Home Goods,4,38.85,South
3856,2024-06-09 15:00:00,1142.0,Electronics,7,66.84,South
3857,2024-06-09 16:00:00,1071.0,Electronics,1,33.66,West
3858,2024-06-09 17:00:00,1003.0,electronics,3,51.54,North
3859,2024-06-09 18:00:00,1065.0,electronics,1,61.41,North
3860,2024-06-09 19:00:00,1087.0,Electronics,7,15.34,South
3861,2024-06-09 20:00:00,1108.0,Books,5,30.03,West
3862,2024-06-09 21:00:00,1128.0,electronics,2,46.08,East
3863,2024-06-09 22:00:00,1049.0,Books,3,57.6,
3864,2024-06-09 23:00:00,1122.0,Books,6,73.42,South
3865,2024-06-10 00:00:00,1126.0,Books,7,40.68,South
3866,2024-06-10 01:00:00,1155.0,Books,5,38.67,South
3867,2024-06-10 02:00:00,1104.0,Electronics,2,27.55,West
3868,2024-06-10 03:00:00,1162.0,electronics,5,51.6,North
3869,2024-06-10 04:00:00,1044.0,Apparel,5,39.06,West
3870,2024-06-10 05:00:00,1142.0,Home Goods,5,39.52,East
3871,2024-06-10 06:00:00,1009.0,Electronics,-1,43.12,West
3872,2024-06-10 07:00:00,1020.0,Home Goods,5,56.03,West
3873,2024-06-10 08:00:00,1172.0,Books,1,33.73,South
3874,2024-06-10 09:00:00,1095.0,Books,7,29.56,West
3875,2024-06-10 10:00:00,1124.0,electronics,7,53.63,South
3876,2024-06-10 11:00:00,1120.0,electronics,4,-15.51,West
3877,2024-06-10 12:00:00,1138.0,electronics,5,32.93,West
3878,2024-06-10 13:00:00,1049.0,electronics,1,21.97,East
3879,2024-06-10 14:00:00,,electronics,7,69.07,North
3880,2024-06-10 15:00:00,,electronics,2,36.18,
3881,2024-06-10 16:00:00,1172.0,Home Goods,2,33.79,West
3882,2024-06-10 17:00:00,1044.0,Electronics,5,44.03,East
3883,2024-06-10 18:00:00,1115.0,electronics,7,33.09,
3884,2024-06-10 19:00:00,1090.0,electronics,4,36.95,East
3885,2024-06-10 20:00:00,1032.0,Electronics,4,46.94,South
3886,2024-06-10 21:00:00,1082.0,Books,4,36.56,South
3887,2024-06-10 22:00:00,1016.0,Apparel,3,36.42,North
3888,2024-06-10 23:00:00,1035.0,Books,5,24.8,East
3889,2024-06-11 00:00:00,1027.0,Home Goods,7,21.92,East
3890,2024-06-11 01:00:00,1164.0,Electronics,3,46.21,North
3891,2024-06-11 02:00:00,1113.0,Books,6,51.13,South
3892,2024-06-11 03:00:00,1185.0,Home Goods,6,16.44,West
3893,2024-06-11 04:00:00,1087.0,Apparel,6,60.2,West
3894,2024-06-11 05:00:00,1040.0,electronics,6,60.28,
3895,2024-06-11 06:00:00,1121.0,Home Goods,7,64.49,South
3896,2024-06-11 07:00:00,1185.0,Home Goods,6,51.0,West
3897,2024-06-11 08:00:00,1106.0,electronics,7,57.74,North
3898,2024-06-11 09:00:00,1003.0,Home Goods,6,88.7,North
3899,2024-06-11 10:00:00,1060.0,Apparel,6,38.97,West
3900,2024-06-11 11:00:00,1184.0,Electronics,7,24.09,South
3901,2024-06-11 12:00:00,1103.0,Electronics,7,14.32,West
3902,2024-06-11 13:00:00,1190.0,Books,5,80.11,South
3903,2024-06-11 14:00:00,1101.0,Home Goods,5,80.38,North
3904,2024-06-11 15:00:00,1002.0,Books,7,26.51,East
3905,2024-06-11 16:00:00,1174.0,Apparel,3,30.45,North
3906,2024-06-11 17:00:00,1152.0,Apparel,1,38.52,South
3907,2024-06-11 18:00:00,1143.0,Books,7,69.49,North
3908,2024-06-11 19:00:00,1194.0,Apparel,5,19.25,South
3909,2024-06-11 20:00:00,1039.0,electronics,3,5.67,West
3910,2024-06-11 21:00:00,1181.0,Home Goods,6,88.35,North
3911,2024-06-11 22:00:00,1046.0,electronics,1,51.25,East
3912,2024-06-11 23:00:00,1194.0,electronics,4,54.09,East
3913,2024-06-12 00:00:00,1038.0,Apparel,2,40.9,East
3914,2024-06-12 01:00:00,1110.0,Electronics,3,54.32,East
3915,2024-06-12 02:00:00,1157.0,Apparel,7,14.72,East
3916,2024-06-12 03:00:00,1015.0,Home Goods,4,28.18,West
3917,2024-06-12 04:00:00,1013.0,electronics,1,47.1,North
3918,2024-06-12 05:00:00,1169.0,Electronics,3,-0.42,West
3919,2024-06-12 06:00:00,1012.0,Apparel,2,38.95,North
3920,2024-06-12 07:00:00,1122.0,Books,7,37.72,East
3921,2024-06-12 08:00:00,1187.0,Apparel,3,38.95,East
3922,2024-06-12 09:00:00,1122.0,Home Goods,3,33.98,North
3923,2024-06-12 10:00:00,1096.0,Apparel,3,25.08,North
3924,2024-06-12 11:00:00,1083.0,Home Goods,2,8.56,North
3925,2024-06-12 12:00:00,1127.0,electronics,6,47.89,North
3926,2024-06-12 13:00:00,1114.0,electronics,5,39.0,East
3927,2024-06-12 14:00:00,1100.0,electronics,4,17.49,North
3928,2024-06-12 15:00:00,1030.0,Books,3,46.25,West
3929,2024-06-12 16:00:00,1132.0,Apparel,5,39.1,West
3930,2024-06-12 17:00:00,1147.0,Electronics,1,35.78,South
3931,2024-06-12 18:00:00,1141.0,Books,7,1.86,North
3932,2024-06-12 19:00:00,1015.0,Electronics,4,58.66,South
3933,2024-06-12 20:00:00,1140.0,Home Goods,2,20.34,West
3934,2024-06-12 21:00:00,1145.0,Electronics,4,46.27,South
3935,2024-06-12 22:00:00,1036.0,electronics,6,28.83,North
3936,2024-06-12 23:00:00,1169.0,Apparel,2,37.23,
3937,2024-06-13 00:00:00,1104.0,Books,4,68.05,East
3938,2024-06-13 01:00:00,1094.0,Books,5,55.63,South
3939,2024-06-13 02:00:00,1144.0,Books,6,67.6,West
3940,2024-06-13 03:00:00,1101.0,electronics,4,51.61,West
3941,2024-06-13 04:00:00,1108.0,Electronics,6,52.92,East
3942,2024-06-13 05:00:00,1062.0,Books,6,9.38,South
3943,2024-06-13 06:00:00,1185.0,Books,7,38.65,East
3944,2024-06-13 07:00:00,,electronics,3,40.5,North
3945,2024-06-13 08:00:00,1026.0,Electronics,5,69.47,South
3946,2024-06-13 09:00:00,1146.0,Apparel,2,34.88,North
3947,2024-06-13 10:00:00,1004.0,Electronics,6,50.3,East
3948,2024-06-13 11:00:00,1073.0,Electronics,7,49.52,West
3949,2024-06-13 12:00:00,1193.0,Books,3,68.15,
3950,2024-06-13 13:00:00,1034.0,Home Goods,4,42.33,West
3951,2024-06-13 14:00:00,1075.0,Electronics,6,61.56,North
3952,2024-06-13 15:00:00,1043.0,Apparel,1,10.9,North
3953,2024-06-13 16:00:00,1145.0,electronics,5,12.72,East
3954,2024-06-13 17:00:00,1092.0,Home Goods,6,-0.67,South
3955,2024-06-13 18:00:00,1118.0,Books,7,60.72,North
3956,2024-06-13 19:00:00,1188.0,electronics,2,58.47,West
3957,2024-06-13 20:00:00,1104.0,Apparel,6,62.94,South
3958,2024-06-13 21:00:00,1146.0,Books,6,31.45,North
3959,2024-06-13 22:00:00,1019.0,Home Goods,1,33.73,East
3960,2024-06-13 23:00:00,1043.0,Books,5,42.58,
3961,2024-06-14 00:00:00,1189.0,Home Goods,5,73.87,East
3962,2024-06-14 01:00:00,1171.0,Home Goods,7,78.88,North
3963,2024-06-14 02:00:00,1131.0,Books,1,60.88,East
3964,2024-06-14 03:00:00,1075.0,Apparel,7,51.62,West
3965,2024-06-14 04:00:00,1039.0,Books,4,71.71,North
3966,2024-06-14 05:00:00,1170.0,Apparel,2,39.88,East
3967,2024-06-14 06:00:00,1157.0,Apparel,3,37.18,West
3968,2024-06-14 07:00:00,1048.0,electronics,6,42.42,East
3969,2024-06-14 08:00:00,1117.0,electronics,7,25.43,North
3970,2024-06-14 09:00:00,1123.0,Books,3,41.5,West
3971,2024-06-14 10:00:00,1095.0,Apparel,7,22.65,South
3972,2024-06-14 11:00:00,1185.0,electronics,5,65.5,North
3973,2024-06-14 12:00:00,1024.0,electronics,2,55.87,North
3974,2024-06-14 13:00:00,1051.0,Apparel,5,73.59,South
3975,2024-06-14 14:00:00,1019.0,Electronics,6,12.41,North
3976,2024-06-14 15:00:00,1138.0,Electronics,1,83.03,West
3977,2024-06-14 16:00:00,1128.0,Apparel,1,13.55,West
3978,2024-06-14 17:00:00,1197.0,electronics,1,21.03,North
3979,2024-06-14 18:00:00,1108.0,Apparel,4,32.58,West
3980,2024-06-14 19:00:00,1030.0,Home Goods,1,71.15,
3981,2024-06-14 20:00:00,1090.0,Books,7,49.51,North
3982,2024-06-14 21:00:00,,Home Goods,1,40.12,West
3983,2024-06-14 22:00:00,1134.0,Books,1,29.15,
3984,2024-06-14 23:00:00,1134.0,Books,2,17.48,West
3985,2024-06-15 00:00:00,1171.0,electronics,6,67.65,East
3986,2024-06-15 01:00:00,1067.0,Books,7,60.97,West
3987,2024-06-15 02:00:00,1062.0,Apparel,2,72.05,East
3988,2024-06-15 03:00:00,1014.0,Electronics,4,52.94,South
3989,2024-06-15 04:00:00,1083.0,Electronics,6,-7.84,North
3990,2024-06-15 05:00:00,1095.0,electronics,6,20.11,East
3991,2024-06-15 06:00:00,1150.0,Electronics,2,54.3,South
3992,2024-06-15 07:00:00,1150.0,electronics,6,37.61,South
3993,2024-06-15 08:00:00,1028.0,Books,7,33.82,North
3994,2024-06-15 09:00:00,1057.0,Home Goods,6,22.94,West
3995,2024-06-15 10:00:00,1102.0,Electronics,4,63.95,East
3996,2024-06-15 11:00:00,1067.0,Home Goods,3,54.12,South
3997,2024-06-15 12:00:00,1005.0,electronics,7,55.02,North
3998,2024-06-15 13:00:00,1169.0,Books,7,32.33,North
3999,2024-06-15 14:00:00,1146.0,Electronics,4,48.53,North
4000,2024-06-15 15:00:00,1104.0,Apparel,6,18.24,East
4001,2024-06-15 16:00:00,1063.0,Home Goods,3,42.4,North
4002,2024-06-15 17:00:00,1168.0,Electronics,6,-5.56,
4003,2024-06-15 18:00:00,1007.0,Apparel,1,13.64,South
4004,2024-06-15 19:00:00,1089.0,Home Goods,7,38.55,North
4005,2024-06-15 20:00:00,1160.0,Apparel,4,92.5,West
4006,2024-06-15 21:00:00,1190.0,Apparel,5,8.99,South
4007,2024-06-15 22:00:00,1050.0,Apparel,2,20.13,South
4008,2024-06-15 23:00:00,1130.0,Home Goods,4,49.34,North
4009,2024-06-16 00:00:00,1037.0,Electronics,1,80.39,East
4010,2024-06-16 01:00:00,1023.0,Electronics,7,49.04,South
4011,2024-06-16 02:00:00,1070.0,Home Goods,6,59.04,West
4012,2024-06-16 03:00:00,1177.0,electronics,4,38.25,East
4013,2024-06-16 04:00:00,1137.0,Apparel,6,34.79,West
4014,2024-06-16 05:00:00,1097.0,Home Goods,6,46.64,East
4015,2024-06-16 06:00:00,1056.0,Books,1,31.83,West
4016,2024-06-16 07:00:00,1028.0,Electronics,1,59.49,East
4017,2024-06-16 08:00:00,1054.0,electronics,2,12.87,South
4018,2024-06-16 09:00:00,1030.0,Apparel,1,62.8,East
4019,2024-06-16 10:00:00,,Electronics,5,45.79,East
4020,2024-06-16 11:00:00,1137.0,electronics,4,40.71,North
4021,2024-06-16 12:00:00,1026.0,Apparel,4,12.14,East
4022,2024-06-16 13:00:00,1009.0,Home Goods,1,25.4,South
4023,2024-06-16 14:00:00,,Apparel,7,68.97,East
4024,2024-06-16 15:00:00,1057.0,Home Goods,7,40.83,North
4025,2024-06-16 16:00:00,1090.0,Books,5,50.57,North
4026,2024-06-16 17:00:00,1027.0,Books,1,27.41,North
4027,2024-06-16 18:00:00,1041.0,Books,3,44.42,North
4028,2024-06-16 19:00:00,1088.0,Electronics,6,17.56,North
4029,2024-06-16 20:00:00,1138.0,Home Goods,6,47.0,North
4030,2024-06-16 21:00:00,1082.0,Electronics,2,52.41,East
4031,2024-06-16 22:00:00,1108.0,electronics,6,51.41,South
4032,2024-06-16 23:00:00,1104.0,electronics,7,26.93,
4033,2024-06-17 00:00:00,1053.0,Apparel,4,38.16,West
4034,2024-06-17 01:00:00,1055.0,Home Goods,3,55.74,North
4035,2024-06-17 02:00:00,1085.0,Books,4,40.77,South
4036,2024-06-17 03:00:00,1006.0,electronics,1,39.25,South
4037,2024-06-17 04:00:00,1137.0,Apparel,4,83.07,South
4038,2024-06-17 05:00:00,1122.0,Apparel,1,25.98,East
4039,2024-06-17 06:00:00,1061.0,Books,1,66.61,East
4040,2024-06-17 07:00:00,1074.0,electronics,4,21.91,East
4041,2024-06-17 08:00:00,1065.0,Apparel,4,58.1,South
4042,2024-06-17 09:00:00,1130.0,Electronics,7,59.16,East
4043,2024-06-17 10:00:00,1151.0,Home Goods,4,34.79,South
4044,2024-06-17 11:00:00,1021.0,Home Goods,7,20.65,West
4045,2024-06-17 12:00:00,1082.0,Books,6,5.59,
4046,2024-06-17 13:00:00,1002.0,Apparel,3,32.7,South
4047,2024-06-17 14:00:00,1090.0,Books,7,55.52,West
4048,2024-06-17 15:00:00,1049.0,Books,4,23.45,West
4049,2024-06-17 16:00:00,1067.0,Home Goods,5,46.94,East
4050,2024-06-17 17:00:00,,Apparel,1,15.47,North
4051,2024-06-17 18:00:00,1064.0,Electronics,2,40.32,West
4052,2024-06-17 19:00:00,1078.0,Home Goods,4,22.06,South
4053,2024-06-17 20:00:00,1152.0,Electronics,2,43.44,North
4054,2024-06-17 21:00:00,1162.0,Apparel,5,34.98,East
4055,2024-06-17 22:00:00,1001.0,Books,1,21.19,South
4056,2024-06-17 23:00:00,1075.0,Apparel,2,31.82,North
4057,2024-06-18 00:00:00,1169.0,Books,5,26.32,
4058,2024-06-18 01:00:00,1106.0,electronics,5,18.72,South
4059,2024-06-18 02:00:00,1041.0,Books,7,66.65,East
4060,2024-06-18 03:00:00,1118.0,Home Goods,7,37.8,East
4061,2024-06-18 04:00:00,1028.0,Apparel,6,0.96,North
4062,2024-06-18 05:00:00,1004.0,Apparel,1,32.53,West
4063,2024-06-18 06:00:00,1126.0,Apparel,5,63.29,East
4064,2024-06-18 07:00:00,1103.0,electronics,2,29.77,East
4065,2024-06-18 08:00:00,1151.0,Apparel,2,74.95,East
4066,2024-06-18 09:00:00,1068.0,Apparel,2,27.87,West
4067,2024-06-18 10:00:00,1170.0,Books,4,55.07,West
4068,2024-06-18 11:00:00,1084.0,Home Goods,1,65.73,North
4069,2024-06-18 12:00:00,1147.0,Home Goods,4,54.0,South
4070,2024-06-18 13:00:00,1020.0,Home Goods,2,17.51,East
4071,2024-06-18 14:00:00,1019.0,Electronics,4,26.15,West
4072,2024-06-18 15:00:00,1156.0,Electronics,5,68.4,West
4073,2024-06-18 16:00:00,1166.0,Electronics,2,28.91,South
4074,2024-06-18 17:00:00,1188.0,Apparel,1,64.51,West
4075,2024-06-18 18:00:00,1064.0,Home Goods,6,36.39,South
4076,2024-06-18 19:00:00,1004.0,Books,6,47.83,South
4077,2024-06-18 20:00:00,1195.0,Apparel,2,17.28,East
4078,2024-06-18 21:00:00,1120.0,Electronics,7,32.83,South
4079,2024-06-18 22:00:00,1049.0,Electronics,2,27.49,East
4080,2024-06-18 23:00:00,1152.0,electronics,7,49.51,South
4081,2024-06-19 00:00:00,1180.0,Books,1,46.86,West
4082,2024-06-19 01:00:00,1056.0,Electronics,5,54.25,West
4083,2024-06-19 02:00:00,1153.0,Electronics,1,35.19,South
4084,2024-06-19 03:00:00,1157.0,Electronics,2,26.4,East
4085,2024-06-19 04:00:00,1100.0,Home Goods,3,48.65,West
4086,2024-06-19 05:00:00,1126.0,Books,1,24.41,North
4087,2024-06-19 06:00:00,1053.0,Apparel,4,66.57,West
4088,2024-06-19 07:00:00,,Home Goods,2,42.71,East
4089,2024-06-19 08:00:00,1196.0,Electronics,1,38.48,North
4090,2024-06-19 09:00:00,1196.0,electronics,7,54.24,West
4091,2024-06-19 10:00:00,1147.0,Home Goods,7,43.47,South
4092,2024-06-19 11:00:00,1008.0,electronics,7,11.84,North
4093,2024-06-19 12:00:00,1073.0,Apparel,2,23.77,North
4094,2024-06-19 13:00:00,1088.0,Books,3,66.15,West
4095,2024-06-19 14:00:00,1191.0,electronics,3,46.68,West
4096,2024-06-19 15:00:00,1109.0,electronics,3,11.37,South
4097,2024-06-19 16:00:00,1107.0,Electronics,3,52.04,North
4098,2024-06-19 17:00:00,1029.0,Apparel,4,33.81,North
4099,2024-06-19 18:00:00,1158.0,Home Goods,4,27.51,East
4100,2024-06-19 19:00:00,1067.0,electronics,3,22.1,South
4101,2024-06-19 20:00:00,1018.0,electronics,7,4999.99,South
4102,2024-06-19 21:00:00,1197.0,Electronics,7,5.69,South
4103,2024-06-19 22:00:00,,Home Goods,3,28.25,South
4104,2024-06-19 23:00:00,1003.0,Apparel,2,47.4,East
4105,2024-06-20 00:00:00,1015.0,electronics,4,76.57,East
4106,2024-06-20 01:00:00,1090.0,Electronics,3,56.08,North
4107,2024-06-20 02:00:00,1020.0,Home Goods,7,28.08,East
4108,2024-06-20 03:00:00,1168.0,Apparel,4,75.59,South
4109,2024-06-20 04:00:00,1102.0,electronics,1,17.9,East
4110,2024-06-20 05:00:00,1064.0,electronics,1,50.31,North
4111,2024-06-20 06:00:00,1000.0,Electronics,1,54.76,North
4112,2024-06-20 07:00:00,1095.0,Apparel,3,27.38,East
4113,2024-06-20 08:00:00,1030.0,Books,3,58.95,South
4114,2024-06-20 09:00:00,1195.0,Apparel,6,34.72,East
4115,2024-06-20 10:00:00,1058.0,Home Goods,7,58.9,South
4116,2024-06-20 11:00:00,1094.0,Apparel,1,8.21,North
4117,2024-06-20 12:00:00,1003.0,electronics,7,51.7,East
4118,2024-06-20 13:00:00,1026.0,Electronics,5,36.76,South
4119,2024-06-20 14:00:00,1041.0,electronics,3,67.99,North
4120,2024-06-20 15:00:00,1010.0,Apparel,3,44.12,West
4121,2024-06-20 16:00:00,1145.0,Apparel,4,69.98,South
4122,2024-06-20 17:00:00,1189.0,Books,2,55.15,West
4123,2024-06-20 18:00:00,1197.0,Books,7,42.45,North
4124,2024-06-20 19:00:00,1053.0,electronics,1,60.75,West
4125,2024-06-20 20:00:00,1157.0,Electronics,1,60.88,West
4126,2024-06-20 21:00:00,1100.0,electronics,2,54.44,North
4127,2024-06-20 22:00:00,1009.0,Books,2,-0.85,East
4128,2024-06-20 23:00:00,1018.0,Books,1,25.35,East
4129,2024-06-21 00:00:00,1109.0,Electronics,3,72.68,East
4130,2024-06-21 01:00:00,1084.0,Electronics,3,19.88,South
4131,2024-06-21 02:00:00,1001.0,Home Goods,1,62.65,West
4132,2024-06-21 03:00:00,1186.0,Apparel,6,59.13,East
4133,2024-06-21 04:00:00,1146.0,Books,7,30.48,
4134,2024-06-21 05:00:00,1100.0,Apparel,6,5.1,West
4135,2024-06-21 06:00:00,1197.0,electronics,4,33.62,West
4136,2024-06-21 07:00:00,1194.0,Electronics,7,86.56,West
4137,2024-06-21 08:00:00,1194.0,Apparel,3,27.73,East
4138,2024-06-21 09:00:00,1051.0,Home Goods,3,29.11,West
4139,2024-06-21 10:00:00,1176.0,Books,1,25.05,East
4140,2024-06-21 11:00:00,1100.0,Home Goods,5,69.3,North
4141,2024-06-21 12:00:00,1145.0,Home Goods,1,40.14,East
4142,2024-06-21 13:00:00,1171.0,electronics,5,32.48,North
4143,2024-06-21 14:00:00,1032.0,Electronics,6,73.27,West
4144,2024-06-21 15:00:00,1089.0,Books,2,56.59,East
4145,2024-06-21 16:00:00,1025.0,Books,5,26.61,East
4146,2024-06-21 17:00:00,1055.0,Electronics,3,20.53,North
4147,2024-06-21 18:00:00,1082.0,Apparel,3,68.16,East
4148,2024-06-21 19:00:00,1171.0,electronics,4,45.34,South
4149,2024-06-21 20:00:00,1172.0,Home Goods,2,14.02,East
4150,2024-06-21 21:00:00,1077.0,Books,6,9.34,East
4151,2024-06-21 22:00:00,1065.0,Books,3,22.68,East
4152,2024-06-21 23:00:00,1106.0,Electronics,4,20.21,South
4153,2024-06-22 00:00:00,1182.0,electronics,6,4.08,East
4154,2024-06-22 01:00:00,1195.0,Books,2,23.01,South
4155,2024-06-22 02:00:00,1045.0,Books,4,26.62,West
4156,2024-06-22 03:00:00,1037.0,Electronics,7,35.75,West
4157,2024-06-22 04:00:00,1141.0,Books,3,78.86,West
4158,2024-06-22 05:00:00,1060.0,Home Goods,1,39.66,South
4159,2024-06-22 06:00:00,1039.0,Home Goods,2,41.65,North
4160,2024-06-22 07:00:00,1006.0,Electronics,7,55.19,West
4161,2024-06-22 08:00:00,1080.0,Apparel,6,4999.99,
4162,2024-06-22 09:00:00,1078.0,Apparel,6,53.0,North
4163,2024-06-22 10:00:00,1112.0,Apparel,2,50.61,East
4164,2024-06-22 11:00:00,1040.0,Apparel,6,47.45,South
4165,2024-06-22 12:00:00,1142.0,Books,3,100.33,North
4166,2024-06-22 13:00:00,1136.0,Books,6,63.22,
4167,2024-06-22 14:00:00,1092.0,Apparel,7,23.37,West
4168,2024-06-22 15:00:00,1036.0,Books,2,52.4,
4169,2024-06-22 16:00:00,1101.0,Apparel,7,29.17,North
4170,2024-06-22 17:00:00,1134.0,Apparel,5,53.93,East
4171,2024-06-22 18:00:00,1074.0,Home Goods,6,17.5,West
4172,2024-06-22 19:00:00,1052.0,Apparel,6,22.84,East
4173,2024-06-22 20:00:00,1101.0,Electronics,2,51.88,South
4174,2024-06-22 21:00:00,1071.0,Home Goods,6,64.95,East
4175,2024-06-22 22:00:00,1080.0,Home Goods,2,55.05,North
4176,2024-06-22 23:00:00,1069.0,Books,2,62.08,East
4177,2024-06-23 00:00:00,1060.0,Electronics,1,52.48,West
4178,2024-06-23 01:00:00,1143.0,Apparel,2,48.45,North
4179,2024-06-23 02:00:00,1092.0,Electronics,7,34.93,North
4180,2024-06-23 03:00:00,1093.0,Books,3,61.26,East
4181,2024-06-23 04:00:00,1130.0,Books,3,65.5,East
4182,2024-06-23 05:00:00,1072.0,electronics,4,43.74,South
4183,2024-06-23 06:00:00,1020.0,Books,5,42.66,North
4184,2024-06-23 07:00:00,1170.0,Home Goods,5,76.83,West
4185,2024-06-23 08:00:00,1011.0,Books,4,44.59,South
4186,2024-06-23 09:00:00,1114.0,Apparel,6,46.51,East
4187,2024-06-23 10:00:00,1053.0,Electronics,4,54.68,East
4188,2024-06-23 11:00:00,1042.0,electronics,6,43.04,South
4189,2024-06-23 12:00:00,1008.0,Home Goods,7,28.59,East
4190,2024-06-23 13:00:00,1180.0,electronics,5,52.56,East
4191,2024-06-23 14:00:00,1085.0,Electronics,1,44.22,East
4192,2024-06-23 15:00:00,1068.0,Books,2,81.84,East
4193,2024-06-23 16:00:00,1148.0,Books,5,60.77,South
4194,2024-06-23 17:00:00,,Home Goods,4,33.09,South
4195,2024-06-23 18:00:00,1112.0,electronics,2,59.58,East
4196,2024-06-23 19:00:00,1098.0,Electronics,3,51.16,South
4197,2024-06-23 20:00:00,1110.0,Books,1,71.19,South
4198,2024-06-23 21:00:00,1024.0,electronics,2,34.51,North
4199,2024-06-23 22:00:00,1190.0,Electronics,6,48.77,West
4200,2024-06-23 23:00:00,1047.0,electronics,1,43.02,North
4201,2024-06-24 00:00:00,1135.0,Home Goods,6,46.17,West
4202,2024-06-24 01:00:00,1149.0,Apparel,3,27.3,East
4203,2024-06-24 02:00:00,1068.0,electronics,6,56.52,North
4204,2024-06-24 03:00:00,1026.0,Books,2,53.36,East
4205,2024-06-24 04:00:00,1059.0,Apparel,6,70.7,South
4206,2024-06-24 05:00:00,1161.0,Books,5,44.8,West
4207,2024-06-24 06:00:00,1181.0,electronics,6,36.76,West
4208,2024-06-24 07:00:00,1187.0,Apparel,1,60.79,West
4209,2024-06-24 08:00:00,1045.0,electronics,6,29.12,East
4210,2024-06-24 09:00:00,1121.0,Apparel,2,66.7,West
4211,2024-06-24 10:00:00,1030.0,Apparel,3,66.66,East
4212,2024-06-24 11:00:00,1142.0,electronics,1,70.15,West
4213,2024-06-24 12:00:00,1083.0,Books,7,52.53,North
4214,2024-06-24 13:00:00,1142.0,Books,5,35.27,West
4215,2024-06-24 14:00:00,1137.0,Books,7,47.18,East
4216,2024-06-24 15:00:00,1198.0,electronics,4,52.6,South
4217,2024-06-24 16:00:00,1097.0,Apparel,2,33.8,
4218,2024-06-24 17:00:00,1068.0,Electronics,3,71.66,East
4219,2024-06-24 18:00:00,1105.0,Electronics,4,56.6,West
4220,2024-06-24 19:00:00,1032.0,Books,2,27.16,North
4221,2024-06-24 20:00:00,1022.0,Electronics,7,82.66,East
4222,2024-06-24 21:00:00,1103.0,Books,7,46.95,East
4223,2024-06-24 22:00:00,1165.0,Home Goods,4,23.12,North
4224,2024-06-24 23:00:00,1106.0,electronics,5,28.39,West
4225,2024-06-25 00:00:00,1156.0,Electronics,5,74.76,East
4226,2024-06-25 01:00:00,1035.0,Apparel,5,81.5,South
4227,2024-06-25 02:00:00,1089.0,Apparel,1,65.19,East
4228,2024-06-25 03:00:00,1122.0,Home Goods,4,71.39,North
4229,2024-06-25 04:00:00,1069.0,Books,6,69.33,West
4230,2024-06-25 05:00:00,1002.0,electronics,6,56.14,West
4231,2024-06-25 06:00:00,1014.0,Home Goods,5,51.58,East
4232,2024-06-25 07:00:00,1185.0,electronics,7,55.8,East
4233,2024-06-25 08:00:00,,Home Goods,5,59.72,South
4234,2024-06-25 09:00:00,1052.0,Electronics,3,30.17,South
4235,2024-06-25 10:00:00,1051.0,Home Goods,4,59.64,West
4236,2024-06-25 11:00:00,1007.0,Home Goods,5,74.17,South
4237,2024-06-25 12:00:00,1188.0,Home Goods,7,40.87,South
4238,2024-06-25 13:00:00,1021.0,Home Goods,2,38.74,South
4239,2024-06-25 14:00:00,1151.0,Apparel,3,54.53,East
4240,2024-06-25 15:00:00,1048.0,Home Goods,5,32.01,West
4241,2024-06-25 16:00:00,1067.0,electronics,6,18.66,North
4242,2024-06-25 17:00:00,1054.0,electronics,3,67.95,South
4243,2024-06-25 18:00:00,,Apparel,5,35.98,North
4244,2024-06-25 19:00:00,1006.0,Books,1,45.37,North
4245,2024-06-25 20:00:00,1070.0,Apparel,3,32.8,South
4246,2024-06-25 21:00:00,1055.0,Apparel,7,70.54,West
4247,2024-06-25 22:00:00,1054.0,Books,5,62.06,East
4248,2024-06-25 23:00:00,1038.0,Books,7,40.19,North
4249,2024-06-26 00:00:00,1182.0,Home Goods,2,21.4,East
4250,2024-06-26 01:00:00,1075.0,Electronics,3,38.06,West
4251,2024-06-26 02:00:00,1083.0,Apparel,7,56.4,South
4252,2024-06-26 03:00:00,1077.0,Apparel,7,48.77,South
4253,2024-06-26 04:00:00,1196.0,electronics,7,47.18,West
4254,2024-06-26 05:00:00,1067.0,Books,3,49.23,North
4255,2024-06-26 06:00:00,1068.0,Books,6,60.18,West
4256,2024-06-26 07:00:00,1065.0,electronics,4,44.16,West
4257,2024-06-26 08:00:00,1065.0,Home Goods,6,54.0,West
4258,2024-06-26 09:00:00,1017.0,Electronics,6,25.26,North
4259,2024-06-26 10:00:00,1120.0,Electronics,4,96.08,North
4260,2024-06-26 11:00:00,1005.0,electronics,3,39.32,West
4261,2024-06-26 12:00:00,1045.0,electronics,7,49.07,South
4262,2024-06-26 13:00:00,1040.0,electronics,4,56.33,South
4263,2024-06-26 14:00:00,1058.0,Electronics,4,36.78,East
4264,2024-06-26 15:00:00,1151.0,Home Goods,5,45.16,North
4265,2024-06-26 16:00:00,1119.0,Apparel,7,44.91,East
4266,2024-06-26 17:00:00,1198.0,electronics,1,26.72,West
4267,2024-06-26 18:00:00,1070.0,Home Goods,7,53.77,East
4268,2024-06-26 19:00:00,1185.0,electronics,3,12.02,South
4269,2024-06-26 20:00:00,1008.0,Apparel,1,80.05,
4270,2024-06-26 21:00:00,1100.0,Apparel,3,60.86,East
4271,2024-06-26 22:00:00,1159.0,Books,4,57.78,North
4272,2024-06-26 23:00:00,1106.0,Electronics,5,10.27,East
4273,2024-06-27 00:00:00,1186.0,Books,4,29.15,North
4274,2024-06-27 01:00:00,1062.0,electronics,1,72.79,South
4275,2024-06-27 02:00:00,1006.0,Electronics,4,128.02,East
4276,2024-06-27 03:00:00,1154.0,Apparel,2,68.89,North
4277,2024-06-27 04:00:00,1013.0,Electronics,2,65.74,North
4278,2024-06-27 05:00:00,1152.0,Electronics,5,55.5,East
4279,2024-06-27 06:00:00,1146.0,Books,6,28.05,South
4280,2024-06-27 07:00:00,1168.0,electronics,2,64.9,East
4281,2024-06-27 08:00:00,1095.0,Home Goods,5,22.98,South
4282,2024-06-27 09:00:00,1179.0,electronics,3,20.79,East
4283,2024-06-27 10:00:00,1033.0,Electronics,3,19.53,West
4284,2024-06-27 11:00:00,1086.0,Electronics,5,64.51,North
4285,2024-06-27 12:00:00,1024.0,Electronics,2,43.85,West
4286,2024-06-27 13:00:00,1153.0,Home Goods,6,47.02,North
4287,2024-06-27 14:00:00,1142.0,Home Goods,3,44.69,South
4288,2024-06-27 15:00:00,,Electronics,1,22.49,South
4289,2024-06-27 16:00:00,1152.0,electronics,6,31.59,North
4290,2024-06-27 17:00:00,1061.0,electronics,6,32.59,North
4291,2024-06-27 18:00:00,1013.0,Home Goods,4,16.89,West
4292,2024-06-27 19:00:00,1185.0,Books,6,34.92,West
4293,2024-06-27 20:00:00,1098.0,Apparel,2,23.37,
4294,2024-06-27 21:00:00,1018.0,Books,3,56.55,West
4295,2024-06-27 22:00:00,1185.0,Electronics,3,58.22,South
4296,2024-06-27 23:00:00,1198.0,electronics,6,19.13,North
4297,2024-06-28 00:00:00,1089.0,Apparel,3,39.07,North
4298,2024-06-28 01:00:00,1154.0,electronics,6,82.12,East
4299,2024-06-28 02:00:00,1007.0,Books,3,25.38,West
4300,2024-06-28 03:00:00,1018.0,Home Goods,5,53.53,South
4301,2024-06-28 04:00:00,1055.0,electronics,2,47.11,North
4302,2024-06-28 05:00:00,1131.0,Books,4,66.86,South
4303,2024-06-28 06:00:00,1026.0,Home Goods,1,50.91,West
4304,2024-06-28 07:00:00,1006.0,Books,6,36.37,South
4305,2024-06-28 08:00:00,1133.0,Home Goods,1,46.34,West
4306,2024-06-28 09:00:00,1154.0,Electronics,7,46.63,South
4307,2024-06-28 10:00:00,1147.0,Apparel,6,43.17,South
4308,2024-06-28 11:00:00,1159.0,Electronics,5,18.62,South
4309,2024-06-28 12:00:00,1160.0,Apparel,7,69.86,West
4310,2024-06-28 13:00:00,1120.0,Home Goods,6,66.33,West
4311,2024-06-28 14:00:00,1103.0,Apparel,1,24.12,South
4312,2024-06-28 15:00:00,1171.0,Books,6,38.99,South
4313,2024-06-28 16:00:00,1069.0,Home Goods,3,40.5,North
4314,2024-06-28 17:00:00,1019.0,Books,6,21.87,North
4315,2024-06-28 18:00:00,1150.0,Electronics,7,7.66,North
4316,2024-06-28 19:00:00,1055.0,Electronics,7,31.59,North
4317,2024-06-28 20:00:00,1195.0,Books,4,37.87,East
4318,2024-06-28 21:00:00,1082.0,Home Goods,2,16.18,West
4319,2024-06-28 22:00:00,1170.0,Home Goods,1,48.54,West
4320,2024-06-28 23:00:00,1008.0,Electronics,2,68.26,West
4321,2024-06-29 00:00:00,1131.0,electronics,7,61.84,
4322,2024-06-29 01:00:00,1089.0,Apparel,5,42.47,
4323,2024-06-29 02:00:00,1092.0,Books,3,8.19,South
4324,2024-06-29 03:00:00,1053.0,Books,4,59.31,North
4325,2024-06-29 04:00:00,1194.0,Home Goods,2,47.93,North
4326,2024-06-29 05:00:00,1078.0,Home Goods,4,53.49,West
4327,2024-06-29 06:00:00,1170.0,Electronics,3,83.72,North
4328,2024-06-29 07:00:00,1085.0,Electronics,6,28.5,South
4329,2024-06-29 08:00:00,1009.0,Home Goods,1,-12.5,East
4330,2024-06-29 09:00:00,1175.0,Home Goods,7,23.93,East
4331,2024-06-29 10:00:00,1037.0,Electronics,1,54.72,East
4332,2024-06-29 11:00:00,1054.0,Home Goods,3,45.54,West
4333,2024-06-29 12:00:00,1172.0,Apparel,3,20.69,East
4334,2024-06-29 13:00:00,1178.0,Books,6,16.61,West
4335,2024-06-29 14:00:00,1183.0,Books,5,37.91,North
4336,2024-06-29 15:00:00,1085.0,electronics,2,20.08,West
4337,2024-06-29 16:00:00,1151.0,electronics,4,55.41,East
4338,2024-06-29 17:00:00,1065.0,Books,4,36.77,North
4339,2024-06-29 18:00:00,1148.0,Apparel,4,32.46,
4340,2024-06-29 19:00:00,1100.0,electronics,1,29.83,West
4341,2024-06-29 20:00:00,1010.0,Apparel,2,50.26,West
4342,2024-06-29 21:00:00,1083.0,Electronics,4,45.85,West
4343,2024-06-29 22:00:00,1093.0,Home Goods,2,49.04,South
4344,2024-06-29 23:00:00,1051.0,electronics,4,48.6,North
4345,2024-06-30 00:00:00,1074.0,Books,2,43.56,North
4346,2024-06-30 01:00:00,1100.0,Electronics,6,24.34,West
4347,2024-06-30 02:00:00,1009.0,Books,2,30.39,West
4348,2024-06-30 03:00:00,1030.0,electronics,5,37.11,
4349,2024-06-30 04:00:00,1153.0,Electronics,6,86.3,West
4350,2024-06-30 05:00:00,1070.0,Apparel,3,18.02,East
4351,2024-06-30 06:00:00,1121.0,Apparel,1,36.62,North
4352,2024-06-30 07:00:00,1113.0,Electronics,1,46.97,North
4353,2024-06-30 08:00:00,1110.0,Electronics,3,38.93,South
4354,2024-06-30 09:00:00,1082.0,Electronics,1,66.48,West
4355,2024-06-30 10:00:00,1096.0,Home Goods,7,38.83,North
4356,2024-06-30 11:00:00,1164.0,Electronics,7,40.31,West
4357,2024-06-30 12:00:00,1193.0,Apparel,7,61.29,East
4358,2024-06-30 13:00:00,1051.0,Electronics,7,81.21,South
4359,2024-06-30 14:00:00,1133.0,Apparel,5,73.15,West
4360,2024-06-30 15:00:00,1193.0,Books,3,42.27,East
4361,2024-06-30 16:00:00,1001.0,Apparel,4,44.01,West
4362,2024-06-30 17:00:00,1156.0,Books,2,45.93,South
4363,2024-06-30 18:00:00,1099.0,Books,6,4999.99,South
4364,2024-06-30 19:00:00,1193.0,Electronics,4,28.05,North
4365,2024-06-30 20:00:00,1115.0,electronics,3,63.73,East
4366,2024-06-30 21:00:00,1167.0,Apparel,5,49.13,West
4367,2024-06-30 22:00:00,1033.0,electronics,3,44.1,
4368,2024-06-30 23:00:00,1028.0,Apparel,3,19.58,West
4369,2024-07-01 00:00:00,1185.0,Apparel,2,46.25,North
4370,2024-07-01 01:00:00,,Books,1,7.14,
4371,2024-07-01 02:00:00,1111.0,electronics,1,33.37,North
4372,2024-07-01 03:00:00,1033.0,electronics,3,33.74,North
4373,2024-07-01 04:00:00,1045.0,Electronics,7,50.74,West
4374,2024-07-01 05:00:00,1163.0,electronics,2,82.6,West
4375,2024-07-01 06:00:00,,electronics,5,56.44,West
4376,2024-07-01 07:00:00,1116.0,Home Goods,3,73.97,West
4377,2024-07-01 08:00:00,1063.0,Home Goods,3,57.9,North
4378,2024-07-01 09:00:00,1052.0,Books,2,67.5,North
4379,2024-07-01 10:00:00,1033.0,Apparel,4,82.14,North
4380,2024-07-01 11:00:00,1185.0,Apparel,5,30.36,East
4381,2024-07-01 12:00:00,1188.0,Electronics,3,29.06,East
4382,2024-07-01 13:00:00,1023.0,Home Goods,4,58.38,North
4383,2024-07-01 14:00:00,1070.0,Apparel,4,44.93,South
4384,2024-07-01 15:00:00,1112.0,electronics,2,49.41,East
4385,2024-07-01 16:00:00,1076.0,Home Goods,5,40.03,West
4386,2024-07-01 17:00:00,1144.0,Apparel,4,33.07,South
4387,2024-07-01 18:00:00,1052.0,Apparel,1,77.42,South
4388,2024-07-01 19:00:00,1011.0,Books,4,23.0,East
4389,2024-07-01 20:00:00,1067.0,Home Goods,3,58.73,East
4390,2024-07-01 21:00:00,1119.0,electronics,6,55.48,South
4391,2024-07-01 22:00:00,1036.0,electronics,3,13.42,North
4392,2024-07-01 23:00:00,1163.0,Apparel,7,28.38,West
4393,2024-07-02 00:00:00,1002.0,Home Goods,5,31.75,West
4394,2024-07-02 01:00:00,1013.0,Home Goods,1,56.29,North
4395,2024-07-02 02:00:00,1101.0,Electronics,3,37.66,East
4396,2024-07-02 03:00:00,1102.0,Home Goods,7,43.29,East
4397,2024-07-02 04:00:00,1058.0,electronics,2,15.85,North
4398,2024-07-02 05:00:00,1051.0,Home Goods,5,91.52,North
4399,2024-07-02 06:00:00,1013.0,Books,6,46.42,West
4400,2024-07-02 07:00:00,1132.0,Apparel,5,54.98,East
4401,2024-07-02 08:00:00,1075.0,Home Goods,1,34.19,North
4402,2024-07-02 09:00:00,1023.0,Books,3,31.95,West
4403,2024-07-02 10:00:00,1079.0,Books,3,83.25,South
4404,2024-07-02 11:00:00,1187.0,Home Goods,3,6.67,East
4405,2024-07-02 12:00:00,1052.0,Apparel,7,50.57,South
4406,2024-07-02 13:00:00,1178.0,electronics,1,20.77,North
4407,2024-07-02 14:00:00,1051.0,Books,4,36.9,North
4408,2024-07-02 15:00:00,1037.0,electronics,7,32.24,
4409,2024-07-02 16:00:00,1052.0,electronics,7,25.28,East
4410,2024-07-02 17:00:00,1064.0,Electronics,5,45.71,West
4411,2024-07-02 18:00:00,1024.0,Books,7,-6.36,North
4412,2024-07-02 19:00:00,1117.0,electronics,3,38.69,West
4413,2024-07-02 20:00:00,1066.0,Books,-5,43.19,East
4414,2024-07-02 21:00:00,1143.0,Electronics,4,17.81,East
4415,2024-07-02 22:00:00,1098.0,Home Goods,1,75.26,South
4416,2024-07-02 23:00:00,1088.0,Home Goods,1,33.11,East
4417,2024-07-03 00:00:00,1094.0,Home Goods,7,40.25,North
4418,2024-07-03 01:00:00,1031.0,Electronics,2,33.16,North
4419,2024-07-03 02:00:00,,Electronics,3,43.37,West
4420,2024-07-03 03:00:00,1020.0,electronics,5,71.16,North
4421,2024-07-03 04:00:00,1144.0,Home Goods,5,94.46,North
4422,2024-07-03 05:00:00,1199.0,Apparel,4,59.91,West
4423,2024-07-03 06:00:00,1152.0,Home Goods,7,66.76,South
4424,2024-07-03 07:00:00,1091.0,electronics,6,79.33,East
4425,2024-07-03 08:00:00,1062.0,electronics,7,49.98,West
4426,2024-07-03 09:00:00,1174.0,Apparel,5,76.41,West
4427,2024-07-03 10:00:00,1051.0,Home Goods,7,60.85,North
4428,2024-07-03 11:00:00,1096.0,Books,5,47.88,East
4429,2024-07-03 12:00:00,1154.0,Home Goods,4,52.01,East
4430,2024-07-03 13:00:00,1184.0,Home Goods,6,8.57,South
4431,2024-07-03 14:00:00,1184.0,Electronics,7,50.84,West
4432,2024-07-03 15:00:00,1017.0,Electronics,1,14.13,
4433,2024-07-03 16:00:00,1179.0,Books,7,12.49,North
4434,2024-07-03 17:00:00,1022.0,electronics,5,48.86,North
4435,2024-07-03 18:00:00,1116.0,Home Goods,7,22.72,West
4436,2024-07-03 19:00:00,1185.0,Home Goods,6,44.86,South
4437,2024-07-03 20:00:00,1130.0,Electronics,7,47.77,West
4438,2024-07-03 21:00:00,1189.0,Home Goods,2,48.66,North
4439,2024-07-03 22:00:00,1068.0,electronics,2,26.92,North
4440,2024-07-03 23:00:00,1062.0,Electronics,2,62.97,East
4441,2024-07-04 00:00:00,1065.0,Home Goods,2,43.22,
4442,2024-07-04 01:00:00,1071.0,Home Goods,2,53.82,North
4443,2024-07-04 02:00:00,1136.0,Electronics,4,21.07,West
4444,2024-07-04 03:00:00,1090.0,Home Goods,2,41.43,South
4445,2024-07-04 04:00:00,1147.0,Apparel,2,66.95,North
4446,2024-07-04 05:00:00,1083.0,electronics,4,64.4,East
4447,2024-07-04 06:00:00,1061.0,Books,6,29.05,South
4448,2024-07-04 07:00:00,1038.0,Apparel,1,34.09,East
4449,2024-07-04 08:00:00,1110.0,Apparel,4,25.23,South
4450,2024-07-04 09:00:00,1179.0,Electronics,5,31.87,East
4451,2024-07-04 10:00:00,1171.0,Apparel,5,17.02,North
4452,2024-07-04 11:00:00,1050.0,electronics,1,42.24,West
4453,2024-07-04 12:00:00,1095.0,Apparel,6,57.66,West
4454,2024-07-04 13:00:00,1141.0,Books,1,29.3,South
4455,2024-07-04 14:00:00,1122.0,electronics,2,43.19,South
4456,2024-07-04 15:00:00,1013.0,electronics,3,40.59,
4457,2024-07-04 16:00:00,1118.0,Electronics,6,66.1,North
4458,2024-07-04 17:00:00,1007.0,Apparel,2,32.77,West
4459,2024-07-04 18:00:00,1023.0,Apparel,6,33.5,East
4460,2024-07-04 19:00:00,1130.0,Home Goods,7,28.08,West
4461,2024-07-04 20:00:00,1020.0,Electronics,7,22.25,South
4462,2024-07-04 21:00:00,1067.0,electronics,3,55.58,South
4463,2024-07-04 22:00:00,1117.0,Home Goods,1,42.3,South
4464,2024-07-04 23:00:00,1131.0,Books,2,46.1,North
4465,2024-07-05 00:00:00,1089.0,Electronics,6,70.49,North
4466,2024-07-05 01:00:00,1018.0,electronics,2,71.64,
4467,2024-07-05 02:00:00,1159.0,Apparel,5,12.08,South
4468,2024-07-05 03:00:00,1189.0,electronics,3,57.96,North
4469,2024-07-05 04:00:00,1177.0,Books,6,49.51,South
4470,2024-07-05 05:00:00,1149.0,Books,5,35.77,South
4471,2024-07-05 06:00:00,1080.0,electronics,5,51.55,East
4472,2024-07-05 07:00:00,1175.0,Apparel,6,10.47,North
4473,2024-07-05 08:00:00,1097.0,Apparel,7,74.25,West
4474,2024-07-05 09:00:00,1027.0,Apparel,3,55.3,West
4475,2024-07-05 10:00:00,1170.0,Electronics,4,27.7,North
4476,2024-07-05 11:00:00,1064.0,Electronics,5,33.29,West
4477,2024-07-05 12:00:00,,electronics,6,10.94,South
4478,2024-07-05 13:00:00,1073.0,Electronics,4,38.72,South
4479,2024-07-05 14:00:00,1173.0,electronics,3,35.35,West
4480,2024-07-05 15:00:00,1107.0,Apparel,6,18.5,West
4481,2024-07-05 16:00:00,1093.0,Home Goods,7,60.53,South
4482,2024-07-05 17:00:00,1059.0,electronics,4,70.54,East
4483,2024-07-05 18:00:00,1167.0,Electronics,1,44.45,South
4484,2024-07-05 19:00:00,1012.0,electronics,3,38.89,East
4485,2024-07-05 20:00:00,1093.0,Home Goods,4,53.7,East
4486,2024-07-05 21:00:00,1073.0,Apparel,5,44.61,North
4487,2024-07-05 22:00:00,1108.0,electronics,5,23.36,West
4488,2024-07-05 23:00:00,1050.0,electronics,6,31.95,East
4489,2024-07-06 00:00:00,1132.0,Home Goods,1,39.07,North
4490,2024-07-06 01:00:00,1077.0,Electronics,4,49.96,West
4491,2024-07-06 02:00:00,1037.0,electronics,5,45.19,West
4492,2024-07-06 03:00:00,1039.0,Electronics,7,49.21,South
4493,2024-07-06 04:00:00,1139.0,Home Goods,1,14.5,East
4494,2024-07-06 05:00:00,1052.0,Home Goods,7,58.3,West
4495,2024-07-06 06:00:00,1061.0,Home Goods,1,45.07,
4496,2024-07-06 07:00:00,1125.0,Apparel,2,96.05,South
4497,2024-07-06 08:00:00,1065.0,electronics,6,37.25,East
4498,2024-07-06 09:00:00,1077.0,Books,6,51.47,West
4499,2024-07-06 10:00:00,1048.0,Books,7,101.58,
4500,2024-07-06 11:00:00,1069.0,Electronics,5,48.88,North
4501,2024-07-06 12:00:00,1138.0,Books,5,43.65,East
4502,2024-07-06 13:00:00,1106.0,Electronics,4,25.26,West
4503,2024-07-06 14:00:00,1199.0,electronics,4,75.57,North
4504,2024-07-06 15:00:00,1154.0,Home Goods,4,21.82,South
4505,2024-07-06 16:00:00,1003.0,Electronics,3,53.54,East
4506,2024-07-06 17:00:00,1075.0,electronics,6,35.53,East
4507,2024-07-06 18:00:00,1057.0,Electronics,3,41.21,West
4508,2024-07-06 19:00:00,1117.0,Home Goods,5,16.52,North
4509,2024-07-06 20:00:00,1053.0,Books,5,71.86,West
4510,2024-07-06 21:00:00,1193.0,Books,4,39.44,South
4511,2024-07-06 22:00:00,1059.0,electronics,5,20.7,West
4512,2024-07-06 23:00:00,1104.0,Home Goods,1,70.05,South
4513,2024-07-07 00:00:00,1024.0,Home Goods,3,34.92,North
4514,2024-07-07 01:00:00,1181.0,Home Goods,4,51.69,
4515,2024-07-07 02:00:00,1182.0,Apparel,3,61.83,West
4516,2024-07-07 03:00:00,1158.0,Books,7,54.48,South
4517,2024-07-07 04:00:00,1070.0,Home Goods,7,1.07,South
4518,2024-07-07 05:00:00,1011.0,Electronics,5,58.91,East
4519,2024-07-07 06:00:00,1142.0,Books,3,42.99,
4520,2024-07-07 07:00:00,1085.0,Books,1,38.42,South
4521,2024-07-07 08:00:00,1198.0,electronics,6,42.82,West
4522,2024-07-07 09:00:00,1139.0,Home Goods,7,12.8,South
4523,2024-07-07 10:00:00,1107.0,Books,4,48.84,East
4524,2024-07-07 11:00:00,1197.0,Home Goods,6,17.71,South
4525,2024-07-07 12:00:00,1160.0,Home Goods,7,39.28,North
4526,2024-07-07 13:00:00,1091.0,Books,4,48.13,West
4527,2024-07-07 14:00:00,1003.0,Books,2,66.48,North
4528,2024-07-07 15:00:00,1018.0,Home Goods,1,28.61,West
4529,2024-07-07 16:00:00,1088.0,Electronics,6,74.03,North
4530,2024-07-07 17:00:00,1112.0,Home Goods,4,63.94,South
4531,2024-07-07 18:00:00,1006.0,Apparel,2,36.41,West
4532,2024-07-07 19:00:00,1025.0,electronics,1,22.83,East
4533,2024-07-07 20:00:00,1140.0,Home Goods,7,16.12,North
4534,2024-07-07 21:00:00,1150.0,Apparel,3,50.44,East
4535,2024-07-07 22:00:00,1005.0,Electronics,3,30.25,North
4536,2024-07-07 23:00:00,1101.0,Home Goods,5,68.99,West
4537,2024-07-08 00:00:00,1016.0,Apparel,3,31.41,North
4538,2024-07-08 01:00:00,1144.0,electronics,7,26.99,East
4539,2024-07-08 02:00:00,1166.0,Home Goods,5,49.67,North
4540,2024-07-08 03:00:00,1173.0,Apparel,3,31.28,East
4541,2024-07-08 04:00:00,1119.0,Electronics,2,45.17,West
4542,2024-07-08 05:00:00,1125.0,Apparel,7,64.72,West
4543,2024-07-08 06:00:00,1185.0,electronics,5,47.34,South
4544,2024-07-08 07:00:00,1122.0,electronics,7,47.42,North
4545,2024-07-08 08:00:00,1089.0,Apparel,3,49.1,North
4546,2024-07-08 09:00:00,1150.0,Electronics,1,11.14,West
4547,2024-07-08 10:00:00,1118.0,Electronics,7,52.84,North
4548,2024-07-08 11:00:00,1168.0,Home Goods,2,48.2,East
4549,2024-07-08 12:00:00,1104.0,Books,6,62.86,South
4550,2024-07-08 13:00:00,1173.0,Electronics,5,57.12,
4551,2024-07-08 14:00:00,1008.0,Apparel,2,40.96,East
4552,2024-07-08 15:00:00,1007.0,Electronics,6,65.65,East
4553,2024-07-08 16:00:00,1019.0,Home Goods,1,39.15,West
4554,2024-07-08 17:00:00,1111.0,Home Goods,3,49.94,
4555,2024-07-08 18:00:00,1141.0,Home Goods,3,38.78,East
4556,2024-07-08 19:00:00,1043.0,Electronics,5,54.24,West
4557,2024-07-08 20:00:00,1031.0,Apparel,4,37.47,East
4558,2024-07-08 21:00:00,1172.0,electronics,5,77.95,South
4559,2024-07-08 22:00:00,1150.0,Apparel,4,85.35,North
4560,2024-07-08 23:00:00,1129.0,Apparel,6,62.48,East
4561,2024-07-09 00:00:00,1097.0,Home Goods,2,75.83,East
4562,2024-07-09 01:00:00,1084.0,electronics,6,14.22,North
4563,2024-07-09 02:00:00,1004.0,Apparel,1,16.57,North
4564,2024-07-09 03:00:00,1037.0,Books,1,38.57,West
4565,2024-07-09 04:00:00,1179.0,Books,6,45.82,North
4566,2024-07-09 05:00:00,1067.0,Books,2,41.04,East
4567,2024-07-09 06:00:00,1140.0,electronics,6,12.16,East
4568,2024-07-09 07:00:00,1140.0,Home Goods,1,68.03,South
4569,2024-07-09 08:00:00,1061.0,electronics,2,88.08,South
4570,2024-07-09 09:00:00,1040.0,Books,7,70.62,South
4571,2024-07-09 10:00:00,1138.0,Books,2,66.71,South
4572,2024-07-09 11:00:00,1018.0,Books,7,49.52,East
4573,2024-07-09 12:00:00,1098.0,Electronics,3,28.14,West
4574,2024-07-09 13:00:00,1177.0,electronics,6,46.45,West
4575,2024-07-09 14:00:00,1142.0,Apparel,7,87.11,North
4576,2024-07-09 15:00:00,1152.0,Apparel,1,37.96,West
4577,2024-07-09 16:00:00,,electronics,3,35.9,South
4578,2024-07-09 17:00:00,1039.0,Electronics,5,67.15,West
4579,2024-07-09 18:00:00,1055.0,Electronics,7,68.47,North
4580,2024-07-09 19:00:00,1058.0,Apparel,2,28.04,East
4581,2024-07-09 20:00:00,1038.0,Home Goods,2,39.77,East
4582,2024-07-09 21:00:00,1194.0,Home Goods,3,34.96,South
4583,2024-07-09 22:00:00,1032.0,Books,2,46.39,
4584,2024-07-09 23:00:00,1141.0,Electronics,2,67.07,North
4585,2024-07-10 00:00:00,,Apparel,1,28.92,North
4586,2024-07-10 01:00:00,1122.0,electronics,6,66.79,East
4587,2024-07-10 02:00:00,1042.0,Books,6,47.03,East
4588,2024-07-10 03:00:00,1061.0,Books,2,91.52,South
4589,2024-07-10 04:00:00,1121.0,Home Goods,4,51.38,South
4590,2024-07-10 05:00:00,1059.0,electronics,5,43.06,North
4591,2024-07-10 06:00:00,1138.0,electronics,5,56.49,West
4592,2024-07-10 07:00:00,1007.0,Electronics,7,38.26,East
4593,2024-07-10 08:00:00,1014.0,Books,5,9.09,South
4594,2024-07-10 09:00:00,1145.0,Electronics,5,40.19,South
4595,2024-07-10 10:00:00,1123.0,Home Goods,1,39.87,West
4596,2024-07-10 11:00:00,,Home Goods,1,13.15,West
4597,2024-07-10 12:00:00,1179.0,Apparel,5,43.54,North
4598,2024-07-10 13:00:00,1000.0,Books,7,3.66,East
4599,2024-07-10 14:00:00,1191.0,Home Goods,3,38.05,North
4600,2024-07-10 15:00:00,1145.0,Apparel,5,49.87,North
4601,2024-07-10 16:00:00,1197.0,Home Goods,2,46.94,West
4602,2024-07-10 17:00:00,1189.0,Home Goods,4,36.78,West
4603,2024-07-10 18:00:00,1062.0,Electronics,6,43.29,North
4604,2024-07-10 19:00:00,1151.0,electronics,5,29.32,West
4605,2024-07-10 20:00:00,1042.0,Home Goods,1,45.22,West
4606,2024-07-10 21:00:00,1094.0,Electronics,7,46.16,West
4607,2024-07-10 22:00:00,1048.0,electronics,7,27.0,West
4608,2024-07-10 23:00:00,1097.0,Home Goods,4,50.35,East
4609,2024-07-11 00:00:00,1174.0,Home Goods,3,50.23,West
4610,2024-07-11 01:00:00,1087.0,Books,4,41.68,North
4611,2024-07-11 02:00:00,1018.0,Books,6,93.42,East
4612,2024-07-11 03:00:00,1064.0,Apparel,4,42.19,South
4613,2024-07-11 04:00:00,1157.0,Electronics,1,39.42,West
4614,2024-07-11 05:00:00,1104.0,Home Goods,1,36.55,North
4615,2024-07-11 06:00:00,1112.0,Apparel,6,25.58,South
4616,2024-07-11 07:00:00,1086.0,Home Goods,6,58.72,West
4617,2024-07-11 08:00:00,1058.0,Home Goods,6,31.28,South
4618,2024-07-11 09:00:00,1119.0,Home Goods,1,33.64,South
4619,2024-07-11 10:00:00,1126.0,Home Goods,2,34.24,South
4620,2024-07-11 11:00:00,1179.0,Home Goods,3,25.3,East
4621,2024-07-11 12:00:00,1123.0,Electronics,2,9.98,South
4622,2024-07-11 13:00:00,1199.0,Home Goods,3,35.74,South
4623,2024-07-11 14:00:00,1165.0,electronics,4,62.47,East
4624,2024-07-11 15:00:00,1015.0,Apparel,2,48.94,West
4625,2024-07-11 16:00:00,1078.0,Books,1,76.21,West
4626,2024-07-11 17:00:00,1076.0,Home Goods,3,60.02,North
4627,2024-07-11 18:00:00,1000.0,electronics,6,55.48,West
4628,2024-07-11 19:00:00,1036.0,Books,5,82.65,West
4629,2024-07-11 20:00:00,1152.0,Apparel,3,43.06,West
4630,2024-07-11 21:00:00,1070.0,Home Goods,3,46.26,East
4631,2024-07-11 22:00:00,1029.0,Electronics,5,44.77,North
4632,2024-07-11 23:00:00,1057.0,Electronics,2,75.88,East
4633,2024-07-12 00:00:00,1054.0,electronics,6,45.05,East
4634,2024-07-12 01:00:00,1034.0,electronics,7,32.03,South
4635,2024-07-12 02:00:00,1020.0,Apparel,1,56.75,North
4636,2024-07-12 03:00:00,1152.0,Home Goods,7,28.67,North
4637,2024-07-12 04:00:00,1164.0,Books,1,55.67,East
4638,2024-07-12 05:00:00,1099.0,Home Goods,4,53.28,North
4639,2024-07-12 06:00:00,1123.0,Books,5,41.21,East
4640,2024-07-12 07:00:00,1183.0,Home Goods,3,56.32,West
4641,2024-07-12 08:00:00,1168.0,electronics,2,15.24,South
4642,2024-07-12 09:00:00,1006.0,Apparel,1,48.26,North
4643,2024-07-12 10:00:00,1190.0,Home Goods,6,35.74,North
4644,2024-07-12 11:00:00,1013.0,electronics,1,102.25,South
4645,2024-07-12 12:00:00,1005.0,Home Goods,4,48.12,West
4646,2024-07-12 13:00:00,1080.0,Apparel,3,33.07,East
4647,2024-07-12 14:00:00,1149.0,electronics,7,17.43,West
4648,2024-07-12 15:00:00,1016.0,Apparel,7,71.11,
4649,2024-07-12 16:00:00,1058.0,Books,6,38.0,North
4650,2024-07-12 17:00:00,1052.0,Home Goods,6,29.17,East
4651,2024-07-12 18:00:00,1079.0,electronics,4,51.73,South
4652,2024-07-12 19:00:00,1197.0,Home Goods,3,57.99,East
4653,2024-07-12 20:00:00,1066.0,Books,2,57.68,South
4654,2024-07-12 21:00:00,1041.0,Electronics,-7,45.4,South
4655,2024-07-12 22:00:00,1024.0,Books,3,48.18,East
4656,2024-07-12 23:00:00,1039.0,Home Goods,4,49.64,East
4657,2024-07-13 00:00:00,1026.0,Books,1,51.73,South
4658,2024-07-13 01:00:00,1114.0,Apparel,2,53.5,North
4659,2024-07-13 02:00:00,1084.0,Apparel,5,66.89,East
4660,2024-07-13 03:00:00,1099.0,Books,3,46.13,West
4661,2024-07-13 04:00:00,1166.0,Electronics,5,28.66,East
4662,2024-07-13 05:00:00,1116.0,Home Goods,2,42.11,North
4663,2024-07-13 06:00:00,1031.0,Electronics,1,60.08,South
4664,2024-07-13 07:00:00,1075.0,electronics,7,9.27,West
4665,2024-07-13 08:00:00,1062.0,Electronics,4,9.38,West
4666,2024-07-13 09:00:00,1165.0,Apparel,3,63.37,North
4667,2024-07-13 10:00:00,1061.0,Apparel,3,75.4,South
4668,2024-07-13 11:00:00,1027.0,Apparel,5,19.7,South
4669,2024-07-13 12:00:00,1147.0,Electronics,4,47.01,East
4670,2024-07-13 13:00:00,1085.0,electronics,3,37.01,North
4671,2024-07-13 14:00:00,1019.0,Apparel,7,39.78,East
4672,2024-07-13 15:00:00,1137.0,Books,7,51.11,West
4673,2024-07-13 16:00:00,1042.0,Books,2,19.14,South
4674,2024-07-13 17:00:00,,Electronics,5,22.86,South
4675,2024-07-13 18:00:00,1166.0,Home Goods,7,38.97,North
4676,2024-07-13 19:00:00,1073.0,Electronics,4,42.09,North
4677,2024-07-13 20:00:00,1111.0,Books,1,22.48,West
4678,2024-07-13 21:00:00,1113.0,Electronics,1,60.79,
4679,2024-07-13 22:00:00,1130.0,Books,5,36.65,North
4680,2024-07-13 23:00:00,1013.0,Electronics,7,36.56,West
4681,2024-07-14 00:00:00,1064.0,Electronics,1,50.65,North
4682,2024-07-14 01:00:00,1034.0,Books,4,42.42,East
4683,2024-07-14 02:00:00,1139.0,Home Goods,4,61.75,East
4684,2024-07-14 03:00:00,1013.0,Home Goods,2,26.33,South
4685,2024-07-14 04:00:00,1103.0,Apparel,5,17.05,East
4686,2024-07-14 05:00:00,1145.0,electronics,7,38.8,East
4687,2024-07-14 06:00:00,1189.0,Apparel,2,46.2,North
4688,2024-07-14 07:00:00,1057.0,Home Goods,1,20.18,
4689,2024-07-14 08:00:00,1001.0,electronics,3,17.24,North
4690,2024-07-14 09:00:00,1144.0,electronics,3,48.65,North
4691,2024-07-14 10:00:00,1000.0,Electronics,6,29.84,West
4692,2024-07-14 11:00:00,1013.0,electronics,4,15.95,South
4693,2024-07-14 12:00:00,,Home Goods,1,64.31,South
4694,2024-07-14 13:00:00,1172.0,Electronics,3,32.36,South
4695,2024-07-14 14:00:00,1141.0,Electronics,6,68.0,North
4696,2024-07-14 15:00:00,1167.0,Apparel,4,45.57,South
4697,2024-07-14 16:00:00,1015.0,Home Goods,4,50.9,South
4698,2024-07-14 17:00:00,1017.0,Electronics,2,40.77,East
4699,2024-07-14 18:00:00,1060.0,Apparel,3,-8.1,South
4700,2024-07-14 19:00:00,1004.0,Apparel,1,22.26,West
4701,2024-07-14 20:00:00,1177.0,Electronics,1,42.49,West
4702,2024-07-14 21:00:00,1011.0,electronics,1,52.29,South
4703,2024-07-14 22:00:00,1108.0,electronics,5,9.21,West
4704,2024-07-14 23:00:00,1170.0,Apparel,2,43.93,West
4705,2024-07-15 00:00:00,1146.0,Electronics,5,22.55,West
4706,2024-07-15 01:00:00,1046.0,Books,7,49.69,East
4707,2024-07-15 02:00:00,1094.0,electronics,5,44.61,North
4708,2024-07-15 03:00:00,1109.0,Electronics,5,59.87,North
4709,2024-07-15 04:00:00,1153.0,Books,1,66.34,West
4710,2024-07-15 05:00:00,1085.0,Electronics,4,54.18,East
4711,2024-07-15 06:00:00,1057.0,Electronics,7,62.21,West
4712,2024-07-15 07:00:00,1159.0,Books,3,37.99,West
4713,2024-07-15 08:00:00,1177.0,Home Goods,6,101.46,North
4714,2024-07-15 09:00:00,1097.0,Home Goods,5,20.62,South
4715,2024-07-15 10:00:00,1005.0,Apparel,2,34.44,
4716,2024-07-15 11:00:00,1100.0,Apparel,1,63.03,North
4717,2024-07-15 12:00:00,1177.0,Apparel,1,60.05,East
4718,2024-07-15 13:00:00,1197.0,Electronics,2,54.75,
4719,2024-07-15 14:00:00,,Home Goods,3,58.51,North
4720,2024-07-15 15:00:00,1030.0,electronics,5,3.33,South
4721,2024-07-15 16:00:00,1114.0,Books,5,76.79,East
4722,2024-07-15 17:00:00,1166.0,Home Goods,4,40.92,West
4723,2024-07-15 18:00:00,1189.0,Electronics,6,69.92,East
4724,2024-07-15 19:00:00,1010.0,Books,6,4.33,North
4725,2024-07-15 20:00:00,1058.0,electronics,5,50.13,North
4726,2024-07-15 21:00:00,1095.0,electronics,7,33.73,South
4727,2024-07-15 22:00:00,1019.0,Books,3,56.44,South
4728,2024-07-15 23:00:00,1177.0,Apparel,6,51.34,North
4729,2024-07-16 00:00:00,1022.0,Books,3,52.32,West
4730,2024-07-16 01:00:00,1133.0,Apparel,2,23.82,North
4731,2024-07-16 02:00:00,1183.0,Books,2,43.86,West
4732,2024-07-16 03:00:00,1137.0,Electronics,1,41.4,West
4733,2024-07-16 04:00:00,1152.0,Home Goods,7,54.91,East
4734,2024-07-16 05:00:00,1052.0,electronics,2,64.79,East
4735,2024-07-16 06:00:00,1165.0,electronics,6,48.01,North
4736,2024-07-16 07:00:00,1083.0,electronics,6,19.48,East
4737,2024-07-16 08:00:00,1012.0,electronics,4,47.15,South
4738,2024-07-16 09:00:00,1073.0,Home Goods,7,97.22,North
4739,2024-07-16 10:00:00,1069.0,Books,7,77.92,East
4740,2024-07-16 11:00:00,1104.0,Apparel,7,-14.49,North
4741,2024-07-16 12:00:00,1052.0,electronics,4,46.27,South
4742,2024-07-16 13:00:00,1092.0,Home Goods,3,63.64,East
4743,2024-07-16 14:00:00,1085.0,Home Goods,1,41.35,South
4744,2024-07-16 15:00:00,1065.0,electronics,6,35.8,North
4745,2024-07-16 16:00:00,1139.0,Home Goods,7,39.66,North
4746,2024-07-16 17:00:00,1061.0,Apparel,4,56.04,South
4747,2024-07-16 18:00:00,1153.0,electronics,1,22.03,East
4748,2024-07-16 19:00:00,,Home Goods,6,68.77,East
4749,2024-07-16 20:00:00,1172.0,Apparel,3,43.88,North
4750,2024-07-16 21:00:00,1073.0,Home Goods,4,26.3,East
4751,2024-07-16 22:00:00,1008.0,electronics,5,67.49,
4752,2024-07-16 23:00:00,1029.0,Home Goods,2,14.1,East
4753,2024-07-17 00:00:00,1161.0,Apparel,1,33.9,East
4754,2024-07-17 01:00:00,1174.0,electronics,1,33.57,East
4755,2024-07-17 02:00:00,1042.0,Home Goods,7,87.88,West
4756,2024-07-17 03:00:00,1120.0,Apparel,7,31.3,West
4757,2024-07-17 04:00:00,1114.0,electronics,3,1.9,North
4758,2024-07-17 05:00:00,1026.0,electronics,3,33.36,North
4759,2024-07-17 06:00:00,1090.0,Books,3,54.11,North
4760,2024-07-17 07:00:00,1138.0,electronics,3,60.68,West
4761,2024-07-17 08:00:00,1193.0,Home Goods,4,90.53,North
4762,2024-07-17 09:00:00,1169.0,Electronics,3,73.14,West
4763,2024-07-17 10:00:00,1019.0,Books,5,48.76,North
4764,2024-07-17 11:00:00,1047.0,Home Goods,3,27.17,East
4765,2024-07-17 12:00:00,1087.0,Apparel,5,77.48,South
4766,2024-07-17 13:00:00,1030.0,Apparel,7,37.63,South
4767,2024-07-17 14:00:00,1114.0,electronics,2,31.84,South
4768,2024-07-17 15:00:00,1001.0,electronics,1,36.66,West
4769,2024-07-17 16:00:00,1022.0,Apparel,4,19.95,East
4770,2024-07-17 17:00:00,1009.0,Books,1,35.7,South
4771,2024-07-17 18:00:00,1059.0,Electronics,2,40.34,West
4772,2024-07-17 19:00:00,1152.0,Books,6,59.61,West
4773,2024-07-17 20:00:00,1035.0,Books,3,37.24,West
4774,2024-07-17 21:00:00,1197.0,Electronics,4,19.65,West
4775,2024-07-17 22:00:00,1053.0,Electronics,6,12.92,East
4776,2024-07-17 23:00:00,1008.0,Apparel,1,49.19,West
4777,2024-07-18 00:00:00,1067.0,Books,4,46.45,East
4778,2024-07-18 01:00:00,1149.0,electronics,1,33.91,West
4779,2024-07-18 02:00:00,1021.0,Apparel,4,35.65,West
4780,2024-07-18 03:00:00,1014.0,Books,2,52.77,North
4781,2024-07-18 04:00:00,1169.0,electronics,7,72.81,North
4782,2024-07-18 05:00:00,1118.0,electronics,2,29.4,West
4783,2024-07-18 06:00:00,1068.0,Books,2,46.78,East
4784,2024-07-18 07:00:00,1151.0,electronics,1,64.17,East
4785,2024-07-18 08:00:00,1168.0,Home Goods,1,29.48,
4786,2024-07-18 09:00:00,1071.0,Home Goods,2,44.69,East
4787,2024-07-18 10:00:00,1112.0,Home Goods,2,44.24,South
4788,2024-07-18 11:00:00,1002.0,electronics,6,18.77,East
4789,2024-07-18 12:00:00,1061.0,Apparel,7,48.37,North
4790,2024-07-18 13:00:00,1119.0,Apparel,6,45.63,East
4791,2024-07-18 14:00:00,1039.0,electronics,7,56.1,West
4792,2024-07-18 15:00:00,1198.0,Home Goods,7,21.26,North
4793,2024-07-18 16:00:00,1194.0,Electronics,4,45.2,West
4794,2024-07-18 17:00:00,1051.0,electronics,3,72.63,West
4795,2024-07-18 18:00:00,1079.0,Books,5,86.55,North
4796,2024-07-18 19:00:00,1037.0,Home Goods,3,70.6,West
4797,2024-07-18 20:00:00,1100.0,Apparel,5,21.46,West
4798,2024-07-18 21:00:00,1024.0,Books,7,54.02,East
4799,2024-07-18 22:00:00,1078.0,Apparel,2,35.34,South
4800,2024-07-18 23:00:00,1111.0,Apparel,6,50.68,South
4801,2024-07-19 00:00:00,1122.0,Apparel,7,29.56,East
4802,2024-07-19 01:00:00,1119.0,Home Goods,4,10.73,South
4803,2024-07-19 02:00:00,1044.0,Apparel,3,38.11,South
4804,2024-07-19 03:00:00,1158.0,electronics,2,59.45,West
4805,2024-07-19 04:00:00,1138.0,Books,2,50.76,West
4806,2024-07-19 05:00:00,1150.0,Electronics,3,53.06,West
4807,2024-07-19 06:00:00,,Books,6,49.33,West
4808,2024-07-19 07:00:00,1178.0,Books,4,53.09,North
4809,2024-07-19 08:00:00,,Electronics,2,55.59,South
4810,2024-07-19 09:00:00,1161.0,Apparel,4,39.51,East
4811,2024-07-19 10:00:00,1040.0,Books,6,46.66,South
4812,2024-07-19 11:00:00,1049.0,Home Goods,1,79.87,North
4813,2024-07-19 12:00:00,1105.0,electronics,1,47.84,West
4814,2024-07-19 13:00:00,1111.0,Books,7,45.85,North
4815,2024-07-19 14:00:00,1149.0,Home Goods,6,47.06,East
4816,2024-07-19 15:00:00,1059.0,Electronics,5,40.64,East
4817,2024-07-19 16:00:00,1174.0,electronics,7,36.29,East
4818,2024-07-19 17:00:00,1065.0,Apparel,-5,49.17,South
4819,2024-07-19 18:00:00,1106.0,Home Goods,4,34.89,North
4820,2024-07-19 19:00:00,1186.0,electronics,2,42.09,West
4821,2024-07-19 20:00:00,1107.0,Apparel,6,29.19,West
4822,2024-07-19 21:00:00,1136.0,Electronics,6,47.16,East
4823,2024-07-19 22:00:00,1181.0,electronics,3,56.68,North
4824,2024-07-19 23:00:00,1194.0,Home Goods,6,40.76,East
4825,2024-07-20 00:00:00,1099.0,Electronics,6,4.83,South
4826,2024-07-20 01:00:00,1083.0,electronics,1,56.81,North
4827,2024-07-20 02:00:00,1039.0,Books,2,47.4,North
4828,2024-07-20 03:00:00,1107.0,Books,5,25.14,North
4829,2024-07-20 04:00:00,1183.0,Books,5,60.47,South
4830,2024-07-20 05:00:00,1097.0,electronics,5,17.03,South
4831,2024-07-20 06:00:00,1069.0,Electronics,3,65.91,West
4832,2024-07-20 07:00:00,1021.0,Books,6,43.85,East
4833,2024-07-20 08:00:00,1077.0,electronics,4,-0.38,South
4834,2024-07-20 09:00:00,1047.0,Apparel,2,48.57,North
4835,2024-07-20 10:00:00,1195.0,Electronics,1,36.88,West
4836,2024-07-20 11:00:00,1105.0,Apparel,7,33.86,North
4837,2024-07-20 12:00:00,1027.0,Home Goods,5,30.25,North
4838,2024-07-20 13:00:00,1013.0,Books,4,42.46,East
4839,2024-07-20 14:00:00,1170.0,Electronics,2,35.3,East
4840,2024-07-20 15:00:00,1186.0,Home Goods,1,7.87,West
4841,2024-07-20 16:00:00,1152.0,Books,2,70.44,South
4842,2024-07-20 17:00:00,1024.0,electronics,1,40.11,South
4843,2024-07-20 18:00:00,1019.0,Apparel,4,30.36,South
4844,2024-07-20 19:00:00,1039.0,Electronics,2,22.43,East
4845,2024-07-20 20:00:00,1150.0,Apparel,1,60.41,South
4846,2024-07-20 21:00:00,1153.0,electronics,2,19.03,South
4847,2024-07-20 22:00:00,1167.0,Home Goods,5,47.68,North
4848,2024-07-20 23:00:00,1019.0,Books,4,33.33,West
4849,2024-07-21 00:00:00,1030.0,Apparel,2,34.49,North
4850,2024-07-21 01:00:00,1180.0,Home Goods,6,22.93,South
4851,2024-07-21 02:00:00,1185.0,Electronics,4,32.59,West
4852,2024-07-21 03:00:00,1145.0,electronics,2,45.18,West
4853,2024-07-21 04:00:00,1021.0,Books,5,49.71,East
4854,2024-07-21 05:00:00,1013.0,electronics,7,29.29,East
4855,2024-07-21 06:00:00,1011.0,Apparel,4,43.18,North
4856,2024-07-21 07:00:00,1138.0,Home Goods,2,62.77,West
4857,2024-07-21 08:00:00,1169.0,electronics,3,11.75,South
4858,2024-07-21 09:00:00,1126.0,Apparel,5,44.87,West
4859,2024-07-21 10:00:00,1052.0,electronics,7,25.98,North
4860,2024-07-21 11:00:00,1151.0,electronics,7,23.95,East
4861,2024-07-21 12:00:00,1011.0,Home Goods,7,50.22,East
4862,2024-07-21 13:00:00,1165.0,Apparel,6,34.09,North
4863,2024-07-21 14:00:00,1178.0,Books,5,20.66,South
4864,2024-07-21 15:00:00,1143.0,Apparel,5,71.49,West
4865,2024-07-21 16:00:00,1175.0,Apparel,6,63.4,North
4866,2024-07-21 17:00:00,1117.0,Apparel,6,6.35,
4867,2024-07-21 18:00:00,1093.0,electronics,5,15.51,South
4868,2024-07-21 19:00:00,1064.0,electronics,1,56.87,East
4869,2024-07-21 20:00:00,1184.0,Home Goods,7,39.3,East
4870,2024-07-21 21:00:00,1139.0,Apparel,1,75.01,South
4871,2024-07-21 22:00:00,1038.0,Apparel,3,57.33,East
4872,2024-07-21 23:00:00,1191.0,Electronics,4,50.99,West
4873,2024-07-22 00:00:00,1011.0,Apparel,7,24.56,East
4874,2024-07-22 01:00:00,1117.0,electronics,1,54.83,East
4875,2024-07-22 02:00:00,1038.0,Books,4,19.48,East
4876,2024-07-22 03:00:00,1132.0,Apparel,3,71.1,South
4877,2024-07-22 04:00:00,1082.0,Books,1,53.44,North
4878,2024-07-22 05:00:00,1087.0,Apparel,2,28.5,North
4879,2024-07-22 06:00:00,1134.0,Home Goods,3,61.09,East
4880,2024-07-22 07:00:00,1151.0,Electronics,7,89.83,West
4881,2024-07-22 08:00:00,1076.0,electronics,3,40.65,North
4882,2024-07-22 09:00:00,1199.0,Books,7,56.01,East
4883,2024-07-22 10:00:00,1099.0,electronics,6,36.36,South
4884,2024-07-22 11:00:00,1032.0,Electronics,6,46.71,East
4885,2024-07-22 12:00:00,1001.0,electronics,6,14.86,West
4886,2024-07-22 13:00:00,1040.0,Home Goods,5,44.99,West
4887,2024-07-22 14:00:00,1138.0,Apparel,6,45.87,West
4888,2024-07-22 15:00:00,1107.0,Books,2,80.98,West
4889,2024-07-22 16:00:00,1067.0,Books,6,9.1,North
4890,2024-07-22 17:00:00,1096.0,Home Goods,1,39.38,East
4891,2024-07-22 18:00:00,1167.0,Home Goods,6,70.76,South
4892,2024-07-22 19:00:00,1114.0,Books,5,40.16,West
4893,2024-07-22 20:00:00,1011.0,Electronics,6,41.57,West
4894,2024-07-22 21:00:00,1009.0,Home Goods,5,28.33,North
4895,2024-07-22 22:00:00,1096.0,Home Goods,3,26.35,South
4896,2024-07-22 23:00:00,1080.0,Apparel,3,8.48,South
4897,2024-07-23 00:00:00,1170.0,Books,5,32.42,
4898,2024-07-23 01:00:00,1116.0,Apparel,4,25.21,North
4899,2024-07-23 02:00:00,1151.0,Apparel,-3,47.36,East
4900,2024-07-23 03:00:00,1117.0,Apparel,4,29.25,South
4901,2024-07-23 04:00:00,1069.0,Home Goods,4,35.41,East
4902,2024-07-23 05:00:00,1131.0,electronics,2,35.96,East
4903,2024-07-23 06:00:00,1124.0,electronics,5,44.04,South
4904,2024-07-23 07:00:00,1144.0,Apparel,3,34.43,West
4905,2024-07-23 08:00:00,1037.0,Apparel,2,23.76,North
4906,2024-07-23 09:00:00,1128.0,electronics,3,46.72,West
4907,2024-07-23 10:00:00,1057.0,Books,1,66.35,North
4908,2024-07-23 11:00:00,,Books,5,47.57,East
4909,2024-07-23 12:00:00,1159.0,Apparel,6,32.8,South
4910,2024-07-23 13:00:00,1124.0,electronics,7,42.54,East
4911,2024-07-23 14:00:00,1189.0,Books,2,3.99,South
4912,2024-07-23 15:00:00,1107.0,electronics,4,42.21,East
4913,2024-07-23 16:00:00,1005.0,Home Goods,4,36.99,North
4914,2024-07-23 17:00:00,1121.0,Books,6,26.33,South
4915,2024-07-23 18:00:00,1155.0,Home Goods,5,29.96,West
4916,2024-07-23 19:00:00,1020.0,electronics,6,36.8,South
4917,2024-07-23 20:00:00,1020.0,Electronics,6,64.85,East
4918,2024-07-23 21:00:00,1054.0,electronics,1,66.84,East
4919,2024-07-23 22:00:00,1168.0,Apparel,3,26.44,South
4920,2024-07-23 23:00:00,1105.0,Apparel,5,34.64,West
4921,2024-07-24 00:00:00,1195.0,electronics,4,35.15,South
4922,2024-07-24 01:00:00,1174.0,Electronics,4,61.19,West
4923,2024-07-24 02:00:00,1110.0,Apparel,2,47.91,West
4924,2024-07-24 03:00:00,1135.0,Electronics,5,46.86,South
4925,2024-07-24 04:00:00,1066.0,Electronics,6,55.73,South
4926,2024-07-24 05:00:00,1018.0,Home Goods,1,33.07,East
4927,2024-07-24 06:00:00,1079.0,Home Goods,5,72.28,West
4928,2024-07-24 07:00:00,1118.0,electronics,7,44.97,North
4929,2024-07-24 08:00:00,,electronics,5,27.88,South
4930,2024-07-24 09:00:00,1044.0,electronics,7,40.41,North
4931,2024-07-24 10:00:00,1002.0,electronics,3,69.64,West
4932,2024-07-24 11:00:00,1146.0,Electronics,1,36.5,East
4933,2024-07-24 12:00:00,1179.0,Electronics,5,63.99,North
4934,2024-07-24 13:00:00,1165.0,electronics,2,32.49,East
4935,2024-07-24 14:00:00,1075.0,Electronics,1,29.69,West
4936,2024-07-24 15:00:00,1118.0,electronics,2,58.19,West
4937,2024-07-24 16:00:00,1192.0,Home Goods,7,27.52,North
4938,2024-07-24 17:00:00,1118.0,Electronics,6,61.45,South
4939,2024-07-24 18:00:00,1059.0,Apparel,2,52.03,South
4940,2024-07-24 19:00:00,1067.0,Apparel,5,27.53,East
4941,2024-07-24 20:00:00,1145.0,Home Goods,3,43.57,North
4942,2024-07-24 21:00:00,1089.0,Apparel,2,34.02,North
4943,2024-07-24 22:00:00,1167.0,Books,7,51.98,West
4944,2024-07-24 23:00:00,1172.0,Electronics,6,82.76,East
4945,2024-07-25 00:00:00,1007.0,Electronics,3,37.59,North
4946,2024-07-25 01:00:00,1144.0,electronics,3,55.68,South
4947,2024-07-25 02:00:00,1073.0,Apparel,6,45.49,North
4948,2024-07-25 03:00:00,1103.0,Books,4,45.48,South
4949,2024-07-25 04:00:00,1052.0,Books,3,41.7,South
4950,2024-07-25 05:00:00,1073.0,Home Goods,3,27.85,North
4951,2024-07-25 06:00:00,1066.0,Home Goods,4,51.7,North
4952,2024-07-25 07:00:00,1010.0,Home Goods,4,39.23,West
4953,2024-07-25 08:00:00,,Electronics,1,26.9,West
4954,2024-07-25 09:00:00,1028.0,Home Goods,4,65.28,North
4955,2024-07-25 10:00:00,1075.0,Home Goods,4,46.98,East
4956,2024-07-25 11:00:00,1038.0,electronics,2,40.44,North
4957,2024-07-25 12:00:00,1032.0,Apparel,3,71.8,West
4958,2024-07-25 13:00:00,1074.0,Books,3,8.28,West
4959,2024-07-25 14:00:00,1183.0,electronics,3,70.46,East
4960,2024-07-25 15:00:00,,Books,7,27.4,East
4961,2024-07-25 16:00:00,1076.0,Electronics,4,49.23,South
4962,2024-07-25 17:00:00,1101.0,Books,4,33.24,South
4963,2024-07-25 18:00:00,1197.0,Apparel,2,26.54,East
4964,2024-07-25 19:00:00,,electronics,7,71.28,North
4965,2024-07-25 20:00:00,1188.0,Apparel,1,82.12,East
4966,2024-07-25 21:00:00,1021.0,electronics,4,40.58,South
4967,2024-07-25 22:00:00,1045.0,Apparel,2,51.71,North
4968,2024-07-25 23:00:00,1067.0,Electronics,6,46.14,East
4969,2024-07-26 00:00:00,1007.0,electronics,3,79.61,West
4970,2024-07-26 01:00:00,1163.0,electronics,3,2.74,East
4971,2024-07-26 02:00:00,1171.0,Electronics,1,52.54,East
4972,2024-07-26 03:00:00,1076.0,electronics,6,30.46,West
4973,2024-07-26 04:00:00,1167.0,Apparel,3,-2.12,North
4974,2024-07-26 05:00:00,1154.0,Apparel,2,37.79,East
4975,2024-07-26 06:00:00,1160.0,Home Goods,6,81.96,South
4976,2024-07-26 07:00:00,1160.0,Electronics,1,31.88,North
4977,2024-07-26 08:00:00,1114.0,electronics,4,60.82,
4978,2024-07-26 09:00:00,1022.0,Books,2,68.97,South
4979,2024-07-26 10:00:00,1184.0,electronics,1,44.75,South
4980,2024-07-26 11:00:00,1121.0,Electronics,1,47.41,North
4981,2024-07-26 12:00:00,1180.0,Home Goods,2,10.67,
4982,2024-07-26 13:00:00,,Electronics,7,30.68,West
4983,2024-07-26 14:00:00,1037.0,electronics,4,63.14,North
4984,2024-07-26 15:00:00,1080.0,Books,7,46.21,East
4985,2024-07-26 16:00:00,1038.0,electronics,2,52.35,North
4986,2024-07-26 17:00:00,1010.0,Apparel,6,47.66,East
4987,2024-07-26 18:00:00,1193.0,Home Goods,1,88.84,East
4988,2024-07-26 19:00:00,1184.0,electronics,1,36.39,North
4989,2024-07-26 20:00:00,1186.0,Apparel,1,77.11,East
4990,2024-07-26 21:00:00,1176.0,Home Goods,7,47.67,West
4991,2024-07-26 22:00:00,1129.0,electronics,5,78.88,South
4992,2024-07-26 23:00:00,1104.0,electronics,6,20.5,North
4993,2024-07-27 00:00:00,1198.0,Books,7,48.69,West
4994,2024-07-27 01:00:00,1110.0,Electronics,3,37.13,North
4995,2024-07-27 02:00:00,1128.0,Books,6,47.79,South
4996,2024-07-27 03:00:00,1042.0,Home Goods,4,69.45,East
4997,2024-07-27 04:00:00,1149.0,Books,4,52.58,North
4998,2024-07-27 05:00:00,1163.0,electronics,5,69.41,North
4999,2024-07-27 06:00:00,1135.0,Home Goods,4,31.6,North
5000,2024-07-27 07:00:00,1099.0,Apparel,1,28.54,North
2765,2024-04-25 04:00:00,1040.0,Home Goods,3,47.7,South
4768,2024-07-17 15:00:00,1001.0,electronics,1,36.66,West
3815,2024-06-07 22:00:00,1076.0,Home Goods,6,29.76,North
3500,2024-05-25 19:00:00,1089.0,Books,5,87.41,East
2736,2024-04-23 23:00:00,1027.0,electronics,2,42.95,North
3923,2024-06-12 10:00:00,1096.0,Apparel,3,25.08,North
2702,2024-04-22 13:00:00,1158.0,Home Goods,6,4999.99,South
1180,2024-02-19 03:00:00,1004.0,Books,5,36.74,West
933,2024-02-08 20:00:00,1051.0,electronics,2,22.26,West
793,2024-02-03 00:00:00,1144.0,electronics,3,65.51,South
1853,2024-03-18 04:00:00,1090.0,Apparel,4,37.52,South
1186,2024-02-19 09:00:00,1061.0,Books,5,45.7,South
1725,2024-03-12 20:00:00,1106.0,electronics,3,33.71,North
4081,2024-06-19 00:00:00,1180.0,Books,1,46.86,West
3824,2024-06-08 07:00:00,1035.0,Electronics,5,87.65,North
